ticker,price,timestamp
NVDA,432.99,2023-08-20 14:51:00
NVDA,432.99,2023-08-20 14:44:12
NVDA,432.99,2023-08-20 14:37:37
NVDA,432.99,2023-08-20 14:31:18
NVDA,432.99,2023-08-20 14:24:23
NVDA,432.99,2023-08-20 14:17:02
NVDA,432.99,2023-08-20 14:05:15
NVDA,432.99,2023-08-20 13:55:40
NVDA,432.99,2023-08-20 13:48:51
NVDA,432.99,2023-08-20 13:42:39
NVDA,432.99,2023-08-20 13:35:45
NVDA,432.99,2023-08-20 13:28:54
NVDA,432.99,2023-08-20 13:22:15
NVDA,432.99,2023-08-20 13:14:27
NVDA,432.99,2023-08-20 13:00:11
NVDA,432.99,2023-08-20 12:53:19
NVDA,432.99,2023-08-20 12:41:59
NVDA,432.99,2023-08-20 12:25:01
NVDA,432.99,2023-08-20 12:00:35
NVDA,432.99,2023-08-20 11:53:51
NVDA,432.99,2023-08-20 11:47:08
NVDA,432.99,2023-08-20 11:40:37
NVDA,432.99,2023-08-20 11:33:56
NVDA,432.99,2023-08-20 11:27:06
NVDA,432.99,2023-08-20 11:20:25
NVDA,432.99,2023-08-20 11:13:56
NVDA,432.99,2023-08-20 11:04:17
NVDA,432.99,2023-08-20 10:55:37
NVDA,432.99,2023-08-20 10:48:53
NVDA,432.99,2023-08-20 10:42:25
NVDA,432.99,2023-08-20 10:36:01
NVDA,432.99,2023-08-20 10:29:23
NVDA,432.99,2023-08-20 10:22:26
NVDA,432.99,2023-08-20 10:08:10
NVDA,432.99,2023-08-20 09:56:42
NVDA,432.99,2023-08-20 09:50:04
NVDA,432.99,2023-08-20 09:43:26
NVDA,432.99,2023-08-20 09:36:52
NVDA,432.99,2023-08-20 09:30:08
NVDA,432.99,2023-08-20 09:23:30
NVDA,432.99,2023-08-20 09:05:56
NVDA,432.99,2023-08-20 08:55:39
NVDA,432.99,2023-08-20 08:49:08
NVDA,432.99,2023-08-20 08:42:35
NVDA,432.99,2023-08-20 08:35:44
NVDA,432.99,2023-08-20 08:22:20
NVDA,432.99,2023-08-20 08:09:42
NVDA,432.99,2023-08-20 07:56:35
NVDA,432.99,2023-08-20 07:50:03
NVDA,432.99,2023-08-20 07:43:11
NVDA,432.99,2023-08-20 07:36:45
NVDA,432.99,2023-08-20 07:29:57
NVDA,432.99,2023-08-20 07:23:30
NVDA,432.99,2023-08-20 07:16:56
NVDA,432.99,2023-08-20 07:08:26
NVDA,432.99,2023-08-20 06:57:25
NVDA,432.99,2023-08-20 06:50:52
NVDA,432.99,2023-08-20 06:44:32
NVDA,432.99,2023-08-20 06:37:44
NVDA,432.99,2023-08-20 06:30:54
NVDA,432.99,2023-08-20 06:24:28
NVDA,432.99,2023-08-20 06:10:32
NVDA,432.99,2023-08-20 05:56:34
NVDA,432.99,2023-08-20 05:50:14
NVDA,432.99,2023-08-20 05:43:20
NVDA,432.99,2023-08-20 05:36:54
NVDA,432.99,2023-08-20 05:30:16
NVDA,432.99,2023-08-20 05:23:39
NVDA,432.99,2023-08-20 05:12:43
NVDA,432.99,2023-08-20 05:00:36
NVDA,432.99,2023-08-20 04:53:45
NVDA,432.99,2023-08-20 04:47:01
NVDA,432.99,2023-08-20 04:40:34
NVDA,432.99,2023-08-20 04:33:40
NVDA,432.99,2023-08-20 04:27:03
NVDA,432.99,2023-08-20 04:15:59
NVDA,432.99,2023-08-20 04:00:01
NVDA,432.99,2023-08-20 03:53:30
NVDA,432.99,2023-08-20 03:46:36
NVDA,432.99,2023-08-20 03:40:02
NVDA,432.99,2023-08-20 03:33:29
NVDA,432.99,2023-08-20 03:26:31
NVDA,432.99,2023-08-20 03:19:49
NVDA,432.99,2023-08-20 03:08:59
NVDA,432.99,2023-08-20 02:56:50
NVDA,432.99,2023-08-20 02:50:36
NVDA,432.99,2023-08-20 02:43:52
NVDA,432.99,2023-08-20 02:37:14
NVDA,432.99,2023-08-20 02:30:33
NVDA,432.99,2023-08-20 02:24:14
NVDA,432.99,2023-08-20 02:10:45
NVDA,432.99,2023-08-20 01:53:07
NVDA,432.99,2023-08-20 01:04:29
NVDA,432.99,2023-08-20 00:00:33
NVDA,432.99,2023-08-19 23:53:49
NVDA,432.99,2023-08-19 23:47:12
NVDA,432.99,2023-08-19 23:40:19
NVDA,432.99,2023-08-19 23:33:53
NVDA,432.99,2023-08-19 23:26:52
NVDA,432.99,2023-08-19 23:20:03
NVDA,432.99,2023-08-19 23:12:45
NVDA,432.99,2023-08-19 23:00:06
NVDA,432.99,2023-08-19 22:53:43
NVDA,432.99,2023-08-19 22:47:06
NVDA,432.99,2023-08-19 22:40:25
NVDA,432.99,2023-08-19 22:34:03
NVDA,432.99,2023-08-19 22:26:42
NVDA,432.99,2023-08-19 22:20:12
NVDA,432.99,2023-08-19 22:07:24
NVDA,432.99,2023-08-19 21:56:26
NVDA,432.99,2023-08-19 21:49:59
NVDA,432.99,2023-08-19 21:43:05
NVDA,432.99,2023-08-19 21:36:55
NVDA,432.99,2023-08-19 21:29:57
NVDA,432.99,2023-08-19 21:23:34
NVDA,432.99,2023-08-19 21:16:46
NVDA,432.99,2023-08-19 21:09:42
NVDA,432.99,2023-08-19 20:58:57
NVDA,432.99,2023-08-19 20:52:14
NVDA,432.99,2023-08-19 20:45:35
NVDA,432.99,2023-08-19 20:39:03
NVDA,432.99,2023-08-19 20:32:32
NVDA,432.99,2023-08-19 20:25:53
NVDA,432.99,2023-08-19 20:19:13
NVDA,432.99,2023-08-19 20:07:43
NVDA,432.99,2023-08-19 19:56:04
NVDA,432.99,2023-08-19 19:49:48
NVDA,432.99,2023-08-19 19:43:12
NVDA,432.99,2023-08-19 19:36:27
NVDA,432.99,2023-08-19 19:29:14
NVDA,432.99,2023-08-19 19:22:57
NVDA,432.99,2023-08-19 19:16:14
NVDA,432.99,2023-08-19 19:09:21
NVDA,432.99,2023-08-19 18:59:19
NVDA,432.99,2023-08-19 18:52:36
NVDA,432.99,2023-08-19 18:46:02
NVDA,432.99,2023-08-19 18:39:29
NVDA,432.99,2023-08-19 18:32:51
NVDA,432.99,2023-08-19 18:26:00
NVDA,432.99,2023-08-19 18:16:42
NVDA,432.99,2023-08-19 18:00:32
NVDA,432.99,2023-08-19 17:54:23
NVDA,432.99,2023-08-19 17:47:17
NVDA,432.99,2023-08-19 17:40:44
NVDA,432.99,2023-08-19 17:33:45
NVDA,432.99,2023-08-19 17:27:07
NVDA,432.99,2023-08-19 17:19:52
NVDA,432.99,2023-08-19 17:07:13
NVDA,432.99,2023-08-19 16:56:30
NVDA,432.99,2023-08-19 16:50:01
NVDA,432.99,2023-08-19 16:43:31
NVDA,432.99,2023-08-19 16:36:48
NVDA,432.99,2023-08-19 16:29:30
NVDA,432.99,2023-08-19 16:15:59
NVDA,432.99,2023-08-19 15:59:56
NVDA,432.99,2023-08-19 15:52:54
NVDA,432.99,2023-08-19 15:46:24
NVDA,432.99,2023-08-19 15:39:54
NVDA,432.99,2023-08-19 15:32:55
NVDA,432.99,2023-08-19 15:26:23
NVDA,432.99,2023-08-19 15:19:20
NVDA,432.99,2023-08-19 15:10:23
NVDA,432.99,2023-08-19 14:58:41
NVDA,432.99,2023-08-19 14:51:57
NVDA,432.99,2023-08-19 14:45:27
NVDA,432.99,2023-08-19 14:38:40
NVDA,432.99,2023-08-19 14:31:55
NVDA,432.99,2023-08-19 14:25:08
NVDA,432.99,2023-08-19 14:18:05
NVDA,432.99,2023-08-19 14:06:36
NVDA,432.99,2023-08-19 13:56:07
NVDA,432.99,2023-08-19 13:49:21
NVDA,432.99,2023-08-19 13:42:42
NVDA,432.99,2023-08-19 13:35:56
NVDA,432.99,2023-08-19 13:29:05
NVDA,432.99,2023-08-19 13:22:27
NVDA,432.99,2023-08-19 13:11:06
NVDA,432.99,2023-08-19 12:57:38
NVDA,432.99,2023-08-19 12:49:05
NVDA,432.99,2023-08-19 12:34:55
NVDA,432.99,2023-08-19 12:11:04
NVDA,432.99,2023-08-19 11:55:44
NVDA,432.99,2023-08-19 11:49:18
NVDA,432.99,2023-08-19 11:42:38
NVDA,432.99,2023-08-19 11:35:50
NVDA,432.99,2023-08-19 11:29:10
NVDA,432.99,2023-08-19 11:22:08
NVDA,432.99,2023-08-19 11:15:36
NVDA,432.99,2023-08-19 11:08:23
NVDA,432.99,2023-08-19 10:58:06
NVDA,432.99,2023-08-19 10:51:27
NVDA,432.99,2023-08-19 10:44:35
NVDA,432.99,2023-08-19 10:38:17
NVDA,432.99,2023-08-19 10:31:16
NVDA,432.99,2023-08-19 10:24:42
NVDA,432.99,2023-08-19 10:11:56
NVDA,432.99,2023-08-19 09:58:57
NVDA,432.99,2023-08-19 09:52:28
NVDA,432.99,2023-08-19 09:45:43
NVDA,432.99,2023-08-19 09:39:23
NVDA,432.99,2023-08-19 09:32:44
NVDA,432.99,2023-08-19 09:25:48
NVDA,432.99,2023-08-19 09:19:05
NVDA,432.99,2023-08-19 09:11:03
NVDA,432.99,2023-08-19 08:59:13
NVDA,432.99,2023-08-19 08:52:28
NVDA,432.99,2023-08-19 08:45:53
NVDA,432.99,2023-08-19 08:39:17
NVDA,432.99,2023-08-19 08:32:25
NVDA,432.99,2023-08-19 08:25:35
NVDA,432.99,2023-08-19 08:15:46
NVDA,432.99,2023-08-19 07:59:54
NVDA,432.99,2023-08-19 07:53:06
NVDA,432.99,2023-08-19 07:46:08
NVDA,432.99,2023-08-19 07:39:18
NVDA,432.99,2023-08-19 07:32:49
NVDA,432.99,2023-08-19 07:25:51
NVDA,432.99,2023-08-19 07:19:14
NVDA,432.99,2023-08-19 07:12:30
NVDA,432.99,2023-08-19 07:00:22
NVDA,432.99,2023-08-19 06:53:43
NVDA,432.99,2023-08-19 06:46:52
NVDA,432.99,2023-08-19 06:40:15
NVDA,432.99,2023-08-19 06:33:37
NVDA,432.99,2023-08-19 06:26:38
NVDA,432.99,2023-08-19 06:14:40
NVDA,432.99,2023-08-19 05:59:24
NVDA,432.99,2023-08-19 05:52:26
NVDA,432.99,2023-08-19 05:45:46
NVDA,432.99,2023-08-19 05:39:12
NVDA,432.99,2023-08-19 05:32:18
NVDA,432.99,2023-08-19 05:25:29
NVDA,432.99,2023-08-19 05:17:41
NVDA,432.99,2023-08-19 05:04:29
NVDA,432.99,2023-08-19 04:55:17
NVDA,432.99,2023-08-19 04:48:44
NVDA,432.99,2023-08-19 04:41:57
NVDA,432.99,2023-08-19 04:35:19
NVDA,432.99,2023-08-19 04:28:18
NVDA,432.99,2023-08-19 04:17:11
NVDA,432.99,2023-08-19 04:00:42
NVDA,432.99,2023-08-19 03:54:15
NVDA,432.99,2023-08-19 03:47:25
NVDA,432.99,2023-08-19 03:40:57
NVDA,432.99,2023-08-19 03:34:30
NVDA,432.99,2023-08-19 03:27:30
NVDA,432.99,2023-08-19 03:20:50
NVDA,432.99,2023-08-19 03:10:45
NVDA,432.99,2023-08-19 02:57:39
NVDA,432.99,2023-08-19 02:51:06
NVDA,432.99,2023-08-19 02:44:12
NVDA,432.99,2023-08-19 02:37:18
NVDA,432.99,2023-08-19 02:30:44
NVDA,432.99,2023-08-19 02:24:04
NVDA,432.99,2023-08-19 02:15:50
NVDA,432.99,2023-08-19 02:00:17
NVDA,432.99,2023-08-19 01:32:26
NVDA,432.99,2023-08-19 00:49:12
NVDA,432.99,2023-08-18 23:58:43
NVDA,432.99,2023-08-18 23:52:09
NVDA,432.99,2023-08-18 23:45:37
NVDA,432.99,2023-08-18 23:39:12
NVDA,432.99,2023-08-18 23:32:52
NVDA,432.99,2023-08-18 23:25:44
NVDA,432.99,2023-08-18 23:18:52
NVDA,432.99,2023-08-18 23:09:21
NVDA,432.99,2023-08-18 22:57:26
NVDA,432.99,2023-08-18 22:50:49
NVDA,432.99,2023-08-18 22:44:11
NVDA,432.99,2023-08-18 22:30:55
NVDA,432.99,2023-08-18 22:24:22
NVDA,432.99,2023-08-18 22:12:27
NVDA,432.99,2023-08-18 21:59:53
NVDA,432.99,2023-08-18 21:53:29
NVDA,432.99,2023-08-18 21:46:53
NVDA,432.99,2023-08-18 21:40:06
NVDA,432.99,2023-08-18 21:33:15
NVDA,432.99,2023-08-18 21:26:16
NVDA,432.99,2023-08-18 21:19:33
NVDA,432.99,2023-08-18 21:12:37
NVDA,432.99,2023-08-18 21:00:47
NVDA,432.99,2023-08-18 20:53:59
NVDA,432.99,2023-08-18 20:47:40
NVDA,432.99,2023-08-18 20:40:57
NVDA,432.99,2023-08-18 20:34:08
NVDA,432.99,2023-08-18 20:26:55
NVDA,432.99,2023-08-18 20:20:26
NVDA,432.99,2023-08-18 20:08:33
NVDA,432.52,2023-08-18 19:56:27
NVDA,435.26,2023-08-18 19:49:51
NVDA,433.94,2023-08-18 19:43:15
NVDA,432.86,2023-08-18 19:36:26
NVDA,432.64,2023-08-18 19:29:53
NVDA,431.56,2023-08-18 19:23:23
NVDA,431.9,2023-08-18 19:16:32
NVDA,433.72,2023-08-18 19:09:29
NVDA,433.07,2023-08-18 18:58:47
NVDA,433.77,2023-08-18 18:52:04
NVDA,433.89,2023-08-18 18:45:09
NVDA,433.3,2023-08-18 18:38:32
NVDA,431.98,2023-08-18 18:31:30
NVDA,431.87,2023-08-18 18:24:56
NVDA,430.7,2023-08-18 18:10:23
NVDA,429.89,2023-08-18 17:56:38
NVDA,429.89,2023-08-18 17:49:51
NVDA,429.23,2023-08-18 17:43:26
NVDA,429.8,2023-08-18 17:36:35
NVDA,429.89,2023-08-18 17:29:26
NVDA,429.17,2023-08-18 17:23:13
NVDA,430.93,2023-08-18 17:11:30
NVDA,429.83,2023-08-18 16:59:26
NVDA,431.04,2023-08-18 16:52:30
NVDA,429.78,2023-08-18 16:46:01
NVDA,429.2,2023-08-18 16:39:07
NVDA,428.08,2023-08-18 16:31:49
NVDA,428.35,2023-08-18 16:18:31
NVDA,427.78,2023-08-18 16:00:18
NVDA,427.08,2023-08-18 15:53:21
NVDA,424.0,2023-08-18 15:46:35
NVDA,424.0,2023-08-18 15:40:05
NVDA,424.57,2023-08-18 15:33:16
NVDA,424.27,2023-08-18 15:26:17
NVDA,425.19,2023-08-18 15:19:30
NVDA,423.3,2023-08-18 15:07:51
NVDA,420.45,2023-08-18 14:55:36
NVDA,421.78,2023-08-18 14:48:32
NVDA,421.68,2023-08-18 14:41:54
NVDA,420.89,2023-08-18 14:35:17
NVDA,419.87,2023-08-18 14:28:20
NVDA,420.41,2023-08-18 14:20:57
NVDA,417.33,2023-08-18 14:07:38
NVDA,419.5,2023-08-18 13:56:28
NVDA,424.02,2023-08-18 13:49:43
NVDA,423.1,2023-08-18 13:43:08
NVDA,424.14,2023-08-18 13:36:33
NVDA,433.44,2023-08-18 13:29:33
NVDA,433.44,2023-08-18 13:22:43
NVDA,433.44,2023-08-18 13:08:25
NVDA,433.44,2023-08-18 12:55:36
NVDA,433.44,2023-08-18 12:41:08
NVDA,433.44,2023-08-18 12:15:39
NVDA,433.44,2023-08-18 11:56:56
NVDA,433.44,2023-08-18 11:50:22
NVDA,433.44,2023-08-18 11:43:41
NVDA,433.44,2023-08-18 11:37:01
NVDA,433.44,2023-08-18 11:30:20
NVDA,433.44,2023-08-18 11:23:44
NVDA,433.44,2023-08-18 11:17:25
NVDA,433.44,2023-08-18 11:09:38
NVDA,433.44,2023-08-18 10:58:31
NVDA,433.44,2023-08-18 10:52:03
NVDA,433.44,2023-08-18 10:45:05
NVDA,433.44,2023-08-18 10:38:33
NVDA,433.44,2023-08-18 10:31:52
NVDA,433.44,2023-08-18 10:25:18
NVDA,433.44,2023-08-18 10:09:28
NVDA,433.44,2023-08-18 09:56:55
NVDA,433.44,2023-08-18 09:50:20
NVDA,433.44,2023-08-18 09:43:22
NVDA,433.44,2023-08-18 09:36:31
NVDA,433.44,2023-08-18 09:30:01
NVDA,433.44,2023-08-18 09:22:58
NVDA,433.44,2023-08-18 09:15:48
NVDA,433.44,2023-08-18 09:01:28
NVDA,433.44,2023-08-18 08:54:28
NVDA,433.44,2023-08-18 08:47:56
NVDA,433.44,2023-08-18 08:41:20
NVDA,433.44,2023-08-18 08:34:46
NVDA,433.44,2023-08-18 08:27:52
NVDA,433.44,2023-08-18 08:16:46
NVDA,433.44,2023-08-18 07:59:53
NVDA,433.44,2023-08-18 07:53:25
NVDA,433.44,2023-08-18 07:46:47
NVDA,433.44,2023-08-18 07:40:09
NVDA,433.44,2023-08-18 07:33:41
NVDA,433.44,2023-08-18 07:26:30
NVDA,433.44,2023-08-18 07:19:55
NVDA,433.44,2023-08-18 07:12:07
NVDA,433.44,2023-08-18 06:59:47
NVDA,433.44,2023-08-18 06:53:08
NVDA,433.44,2023-08-18 06:46:41
NVDA,433.44,2023-08-18 06:39:56
NVDA,433.44,2023-08-18 06:33:20
NVDA,433.44,2023-08-18 06:26:23
NVDA,433.44,2023-08-18 06:11:40
NVDA,433.44,2023-08-18 05:56:50
NVDA,433.44,2023-08-18 05:50:11
NVDA,433.44,2023-08-18 05:43:49
NVDA,433.44,2023-08-18 05:37:10
NVDA,433.44,2023-08-18 05:30:27
NVDA,433.44,2023-08-18 05:24:05
NVDA,433.44,2023-08-18 05:11:34
NVDA,433.44,2023-08-18 04:58:48
NVDA,433.44,2023-08-18 04:52:17
NVDA,433.44,2023-08-18 04:45:57
NVDA,433.44,2023-08-18 04:39:17
NVDA,433.44,2023-08-18 04:32:46
NVDA,433.44,2023-08-18 04:25:42
NVDA,433.44,2023-08-18 04:11:02
NVDA,433.44,2023-08-18 03:57:02
NVDA,433.44,2023-08-18 03:50:21
NVDA,433.44,2023-08-18 03:43:37
NVDA,433.44,2023-08-18 03:37:07
NVDA,433.44,2023-08-18 03:30:04
NVDA,433.44,2023-08-18 03:23:27
NVDA,433.44,2023-08-18 03:15:18
NVDA,433.44,2023-08-18 03:00:46
NVDA,433.44,2023-08-18 02:53:58
NVDA,433.44,2023-08-18 02:47:30
NVDA,433.44,2023-08-18 02:40:45
NVDA,433.44,2023-08-18 02:34:05
NVDA,433.44,2023-08-18 02:27:24
NVDA,433.44,2023-08-18 02:15:49
NVDA,433.44,2023-08-18 01:58:12
NVDA,433.44,2023-08-18 01:26:49
NVDA,433.44,2023-08-18 00:23:59
NVDA,433.44,2023-08-17 23:54:36
NVDA,433.44,2023-08-17 23:47:57
NVDA,433.44,2023-08-17 23:41:22
NVDA,433.44,2023-08-17 23:34:25
NVDA,433.44,2023-08-17 23:27:41
NVDA,433.44,2023-08-17 23:20:55
NVDA,433.44,2023-08-17 23:11:44
NVDA,433.44,2023-08-17 22:58:45
NVDA,433.44,2023-08-17 22:52:12
NVDA,433.44,2023-08-17 22:45:23
NVDA,433.44,2023-08-17 22:38:46
NVDA,433.44,2023-08-17 22:32:02
NVDA,433.44,2023-08-17 22:25:28
NVDA,433.44,2023-08-17 22:13:07
NVDA,433.44,2023-08-17 22:00:21
NVDA,433.44,2023-08-17 21:53:38
NVDA,433.44,2023-08-17 21:46:52
NVDA,433.44,2023-08-17 21:40:19
NVDA,433.44,2023-08-17 21:33:20
NVDA,433.44,2023-08-17 21:26:37
NVDA,433.44,2023-08-17 21:19:57
NVDA,433.44,2023-08-17 21:12:15
NVDA,433.44,2023-08-17 21:00:07
NVDA,433.44,2023-08-17 20:53:29
NVDA,433.44,2023-08-17 20:46:48
NVDA,433.44,2023-08-17 20:40:23
NVDA,433.44,2023-08-17 20:33:38
NVDA,433.44,2023-08-17 20:26:31
NVDA,433.44,2023-08-17 20:19:32
NVDA,433.44,2023-08-17 20:06:02
NVDA,433.74,2023-08-17 19:55:10
NVDA,431.5,2023-08-17 19:48:36
NVDA,431.01,2023-08-17 19:41:58
NVDA,431.07,2023-08-17 19:34:58
NVDA,431.88,2023-08-17 19:28:01
NVDA,431.13,2023-08-17 19:21:25
NVDA,431.13,2023-08-17 19:14:43
NVDA,434.09,2023-08-17 19:02:50
NVDA,434.75,2023-08-17 18:55:00
NVDA,435.14,2023-08-17 18:48:26
NVDA,434.96,2023-08-17 18:41:43
NVDA,434.7,2023-08-17 18:34:58
NVDA,435.72,2023-08-17 18:27:55
NVDA,436.14,2023-08-17 18:15:59
NVDA,436.3,2023-08-17 17:59:17
NVDA,435.78,2023-08-17 17:52:21
NVDA,435.09,2023-08-17 17:45:57
NVDA,435.56,2023-08-17 17:39:14
NVDA,436.63,2023-08-17 17:32:43
NVDA,437.12,2023-08-17 17:25:41
NVDA,437.58,2023-08-17 17:16:41
NVDA,437.87,2023-08-17 17:03:16
NVDA,437.8,2023-08-17 16:54:58
NVDA,436.83,2023-08-17 16:48:29
NVDA,435.56,2023-08-17 16:41:43
NVDA,435.54,2023-08-17 16:35:10
NVDA,435.36,2023-08-17 16:25:08
NVDA,433.99,2023-08-17 16:04:59
NVDA,434.28,2023-08-17 15:54:52
NVDA,434.02,2023-08-17 15:48:10
NVDA,434.32,2023-08-17 15:41:40
NVDA,433.49,2023-08-17 15:34:55
NVDA,433.83,2023-08-17 15:27:51
NVDA,434.38,2023-08-17 15:20:53
NVDA,434.54,2023-08-17 15:09:23
NVDA,435.3,2023-08-17 14:57:28
NVDA,435.08,2023-08-17 14:51:00
NVDA,434.26,2023-08-17 14:43:53
NVDA,436.0,2023-08-17 14:37:30
NVDA,437.26,2023-08-17 14:30:36
NVDA,437.36,2023-08-17 14:24:25
NVDA,438.23,2023-08-17 14:11:16
NVDA,437.84,2023-08-17 13:59:05
NVDA,437.23,2023-08-17 13:52:20
NVDA,435.73,2023-08-17 13:45:33
NVDA,435.65,2023-08-17 13:39:00
NVDA,437.55,2023-08-17 13:32:30
NVDA,434.86,2023-08-17 13:25:55
NVDA,434.86,2023-08-17 13:07:19
NVDA,434.86,2023-08-17 12:55:20
NVDA,434.86,2023-08-17 12:40:30
NVDA,434.86,2023-08-17 12:15:02
NVDA,434.86,2023-08-17 11:56:36
NVDA,434.86,2023-08-17 11:50:04
NVDA,434.86,2023-08-17 11:43:16
NVDA,434.86,2023-08-17 11:36:42
NVDA,434.86,2023-08-17 11:29:59
NVDA,434.86,2023-08-17 11:23:03
NVDA,434.86,2023-08-17 11:16:28
NVDA,434.86,2023-08-17 11:06:57
NVDA,434.86,2023-08-17 10:56:45
NVDA,434.86,2023-08-17 10:50:05
NVDA,434.86,2023-08-17 10:43:25
NVDA,434.86,2023-08-17 10:36:54
NVDA,434.86,2023-08-17 10:29:58
NVDA,434.86,2023-08-17 10:21:05
NVDA,434.86,2023-08-17 10:04:37
NVDA,434.86,2023-08-17 09:55:11
NVDA,434.86,2023-08-17 09:48:21
NVDA,434.86,2023-08-17 09:41:37
NVDA,434.86,2023-08-17 09:35:10
NVDA,434.86,2023-08-17 09:27:58
NVDA,434.86,2023-08-17 09:21:35
NVDA,434.86,2023-08-17 09:12:21
NVDA,434.86,2023-08-17 08:59:14
NVDA,434.86,2023-08-17 08:52:36
NVDA,434.86,2023-08-17 08:45:47
NVDA,434.86,2023-08-17 08:39:14
NVDA,434.86,2023-08-17 08:32:08
NVDA,434.86,2023-08-17 08:25:30
NVDA,434.86,2023-08-17 08:11:28
NVDA,434.86,2023-08-17 07:57:06
NVDA,434.86,2023-08-17 07:50:22
NVDA,434.86,2023-08-17 07:43:38
NVDA,434.86,2023-08-17 07:37:07
NVDA,434.86,2023-08-17 07:30:14
NVDA,434.86,2023-08-17 07:23:48
NVDA,434.86,2023-08-17 07:16:45
NVDA,434.86,2023-08-17 07:04:48
NVDA,434.86,2023-08-17 06:55:15
NVDA,434.86,2023-08-17 06:48:30
NVDA,434.86,2023-08-17 06:41:51
NVDA,434.86,2023-08-17 06:35:22
NVDA,434.86,2023-08-17 06:28:26
NVDA,434.86,2023-08-17 06:16:19
NVDA,434.86,2023-08-17 05:59:12
NVDA,434.86,2023-08-17 05:52:45
NVDA,434.86,2023-08-17 05:45:50
NVDA,434.86,2023-08-17 05:39:24
NVDA,434.86,2023-08-17 05:32:46
NVDA,434.86,2023-08-17 05:25:38
NVDA,434.86,2023-08-17 05:15:08
NVDA,434.86,2023-08-17 05:01:41
NVDA,434.86,2023-08-17 04:54:35
NVDA,434.86,2023-08-17 04:47:59
NVDA,434.86,2023-08-17 04:40:59
NVDA,434.86,2023-08-17 04:34:16
NVDA,434.86,2023-08-17 04:26:52
NVDA,434.86,2023-08-17 04:13:56
NVDA,434.86,2023-08-17 03:58:55
NVDA,434.86,2023-08-17 03:52:02
NVDA,434.86,2023-08-17 03:45:36
NVDA,434.86,2023-08-17 03:38:51
NVDA,434.86,2023-08-17 03:32:22
NVDA,434.86,2023-08-17 03:25:23
NVDA,434.86,2023-08-17 03:18:50
NVDA,434.86,2023-08-17 03:04:49
NVDA,434.86,2023-08-17 02:54:55
NVDA,434.86,2023-08-17 02:48:25
NVDA,434.86,2023-08-17 02:41:00
NVDA,434.86,2023-08-17 02:34:37
NVDA,434.86,2023-08-17 02:27:47
NVDA,434.86,2023-08-17 02:20:44
NVDA,434.86,2023-08-17 02:02:50
NVDA,434.86,2023-08-17 01:40:36
NVDA,434.86,2023-08-17 00:58:32
NVDA,434.86,2023-08-17 00:00:05
NVDA,434.86,2023-08-16 23:53:49
NVDA,434.86,2023-08-16 23:46:41
NVDA,434.86,2023-08-16 23:40:11
NVDA,434.86,2023-08-16 23:33:28
NVDA,434.86,2023-08-16 23:26:45
NVDA,434.86,2023-08-16 23:20:05
NVDA,434.86,2023-08-16 23:09:51
NVDA,434.86,2023-08-16 22:57:27
NVDA,434.86,2023-08-16 22:51:00
NVDA,434.86,2023-08-16 22:44:25
NVDA,434.86,2023-08-16 22:37:52
NVDA,434.86,2023-08-16 22:30:51
NVDA,434.86,2023-08-16 22:24:41
NVDA,434.86,2023-08-16 22:11:45
NVDA,434.86,2023-08-16 21:59:16
NVDA,434.86,2023-08-16 21:52:16
NVDA,434.86,2023-08-16 21:45:35
NVDA,434.86,2023-08-16 21:39:09
NVDA,434.86,2023-08-16 21:32:18
NVDA,434.86,2023-08-16 21:25:27
NVDA,434.86,2023-08-16 21:18:46
NVDA,434.86,2023-08-16 21:10:50
NVDA,434.86,2023-08-16 20:59:04
NVDA,434.86,2023-08-16 20:52:27
NVDA,434.86,2023-08-16 20:46:11
NVDA,434.86,2023-08-16 20:38:59
NVDA,434.86,2023-08-16 20:32:14
NVDA,434.86,2023-08-16 20:25:17
NVDA,434.86,2023-08-16 20:19:03
NVDA,434.86,2023-08-16 20:07:56
NVDA,435.79,2023-08-16 19:55:54
NVDA,437.11,2023-08-16 19:49:23
NVDA,436.44,2023-08-16 19:42:50
NVDA,436.9,2023-08-16 19:36:24
NVDA,435.9,2023-08-16 19:29:41
NVDA,436.12,2023-08-16 19:22:47
NVDA,435.71,2023-08-16 19:16:09
NVDA,437.15,2023-08-16 19:08:57
NVDA,439.34,2023-08-16 18:58:17
NVDA,438.12,2023-08-16 18:51:28
NVDA,439.54,2023-08-16 18:44:36
NVDA,441.0,2023-08-16 18:37:56
NVDA,441.37,2023-08-16 18:31:06
NVDA,440.33,2023-08-16 18:24:23
NVDA,437.95,2023-08-16 18:07:43
NVDA,439.63,2023-08-16 17:55:16
NVDA,440.59,2023-08-16 17:49:05
NVDA,438.78,2023-08-16 17:42:15
NVDA,438.26,2023-08-16 17:35:21
NVDA,438.18,2023-08-16 17:28:48
NVDA,437.87,2023-08-16 17:21:33
NVDA,436.0,2023-08-16 17:09:00
NVDA,436.76,2023-08-16 16:57:33
NVDA,437.05,2023-08-16 16:50:58
NVDA,437.57,2023-08-16 16:44:27
NVDA,437.12,2023-08-16 16:37:27
NVDA,435.0,2023-08-16 16:27:45
NVDA,436.88,2023-08-16 16:10:02
NVDA,438.93,2023-08-16 15:56:56
NVDA,440.25,2023-08-16 15:49:41
NVDA,441.59,2023-08-16 15:42:40
NVDA,441.55,2023-08-16 15:36:13
NVDA,441.18,2023-08-16 15:28:30
NVDA,441.33,2023-08-16 15:21:34
NVDA,442.43,2023-08-16 15:08:53
NVDA,441.5,2023-08-16 14:56:42
NVDA,440.27,2023-08-16 14:49:49
NVDA,442.76,2023-08-16 14:43:20
NVDA,442.75,2023-08-16 14:36:40
NVDA,441.48,2023-08-16 14:29:56
NVDA,443.61,2023-08-16 14:22:57
NVDA,440.8,2023-08-16 14:09:03
NVDA,441.4,2023-08-16 13:57:21
NVDA,441.59,2023-08-16 13:50:58
NVDA,443.54,2023-08-16 13:43:56
NVDA,443.2,2023-08-16 13:37:24
NVDA,444.51,2023-08-16 13:30:45
NVDA,439.4,2023-08-16 13:24:06
NVDA,439.4,2023-08-16 13:10:51
NVDA,439.4,2023-08-16 12:56:44
NVDA,439.4,2023-08-16 12:41:54
NVDA,439.4,2023-08-16 12:16:04
NVDA,439.4,2023-08-16 11:57:06
NVDA,439.4,2023-08-16 11:50:35
NVDA,439.4,2023-08-16 11:43:51
NVDA,439.4,2023-08-16 11:37:19
NVDA,439.4,2023-08-16 11:30:38
NVDA,439.4,2023-08-16 11:23:58
NVDA,439.4,2023-08-16 11:17:13
NVDA,439.4,2023-08-16 11:07:45
NVDA,439.4,2023-08-16 10:56:52
NVDA,439.4,2023-08-16 10:50:07
NVDA,439.4,2023-08-16 10:43:34
NVDA,439.4,2023-08-16 10:36:42
NVDA,439.4,2023-08-16 10:29:59
NVDA,439.4,2023-08-16 10:19:01
NVDA,439.4,2023-08-16 10:02:29
NVDA,439.4,2023-08-16 09:54:44
NVDA,439.4,2023-08-16 09:47:56
NVDA,439.4,2023-08-16 09:41:12
NVDA,439.4,2023-08-16 09:34:35
NVDA,439.4,2023-08-16 09:27:17
NVDA,439.4,2023-08-16 09:20:19
NVDA,439.4,2023-08-16 09:09:44
NVDA,439.4,2023-08-16 08:57:20
NVDA,439.4,2023-08-16 08:51:10
NVDA,439.4,2023-08-16 08:44:15
NVDA,439.4,2023-08-16 08:37:35
NVDA,439.4,2023-08-16 08:30:53
NVDA,439.4,2023-08-16 08:24:21
NVDA,439.4,2023-08-16 08:07:55
NVDA,439.4,2023-08-16 07:54:44
NVDA,439.4,2023-08-16 07:47:51
NVDA,439.4,2023-08-16 07:41:17
NVDA,439.4,2023-08-16 07:34:36
NVDA,439.4,2023-08-16 07:27:41
NVDA,439.4,2023-08-16 07:21:13
NVDA,439.4,2023-08-16 07:14:06
NVDA,439.4,2023-08-16 07:00:51
NVDA,439.4,2023-08-16 06:53:49
NVDA,439.4,2023-08-16 06:47:15
NVDA,439.4,2023-08-16 06:40:22
NVDA,439.4,2023-08-16 06:33:50
NVDA,439.4,2023-08-16 06:26:52
NVDA,439.4,2023-08-16 06:12:19
NVDA,439.4,2023-08-16 05:57:12
NVDA,439.4,2023-08-16 05:50:14
NVDA,439.4,2023-08-16 05:43:41
NVDA,439.4,2023-08-16 05:37:14
NVDA,439.4,2023-08-16 05:30:16
NVDA,439.4,2023-08-16 05:23:38
NVDA,439.4,2023-08-16 05:09:52
NVDA,439.4,2023-08-16 04:57:28
NVDA,439.4,2023-08-16 04:50:40
NVDA,439.4,2023-08-16 04:43:49
NVDA,439.4,2023-08-16 04:37:21
NVDA,439.4,2023-08-16 04:30:30
NVDA,439.4,2023-08-16 04:23:53
NVDA,439.4,2023-08-16 04:07:16
NVDA,439.4,2023-08-16 03:54:56
NVDA,439.4,2023-08-16 03:48:06
NVDA,439.4,2023-08-16 03:41:12
NVDA,439.4,2023-08-16 03:34:45
NVDA,439.4,2023-08-16 03:27:27
NVDA,439.4,2023-08-16 03:21:02
NVDA,439.4,2023-08-16 03:07:48
NVDA,439.4,2023-08-16 02:55:32
NVDA,439.4,2023-08-16 02:49:17
NVDA,439.4,2023-08-16 02:42:29
NVDA,439.4,2023-08-16 02:35:54
NVDA,439.4,2023-08-16 02:28:25
NVDA,439.4,2023-08-16 02:20:37
NVDA,439.4,2023-08-16 02:01:32
NVDA,439.4,2023-08-16 01:30:28
NVDA,439.4,2023-08-16 00:31:55
NVDA,439.4,2023-08-15 23:55:50
NVDA,439.4,2023-08-15 23:48:58
NVDA,439.4,2023-08-15 23:42:21
NVDA,439.4,2023-08-15 23:35:34
NVDA,439.4,2023-08-15 23:29:06
NVDA,439.4,2023-08-15 23:21:54
NVDA,439.4,2023-08-15 23:14:25
NVDA,439.4,2023-08-15 23:00:41
NVDA,439.4,2023-08-15 22:53:54
NVDA,439.4,2023-08-15 22:47:03
NVDA,439.4,2023-08-15 22:40:29
NVDA,439.4,2023-08-15 22:33:53
NVDA,439.4,2023-08-15 22:27:16
NVDA,439.4,2023-08-15 22:17:43
NVDA,439.4,2023-08-15 22:03:02
NVDA,439.4,2023-08-15 21:54:59
NVDA,439.4,2023-08-15 21:47:57
NVDA,439.4,2023-08-15 21:41:30
NVDA,439.4,2023-08-15 21:34:45
NVDA,439.4,2023-08-15 21:27:59
NVDA,439.4,2023-08-15 21:20:54
NVDA,439.4,2023-08-15 21:14:19
NVDA,439.4,2023-08-15 21:01:23
NVDA,439.4,2023-08-15 20:54:23
NVDA,439.4,2023-08-15 20:47:39
NVDA,439.4,2023-08-15 20:41:17
NVDA,439.4,2023-08-15 20:34:33
NVDA,439.4,2023-08-15 20:27:39
NVDA,439.4,2023-08-15 20:20:54
NVDA,439.4,2023-08-15 20:08:51
NVDA,439.46,2023-08-15 19:56:35
NVDA,439.93,2023-08-15 19:49:56
NVDA,440.43,2023-08-15 19:43:11
NVDA,443.0,2023-08-15 19:36:40
NVDA,442.35,2023-08-15 19:29:35
NVDA,443.82,2023-08-15 19:22:57
NVDA,444.6,2023-08-15 19:16:19
NVDA,446.42,2023-08-15 19:07:58
NVDA,445.34,2023-08-15 18:57:33
NVDA,446.26,2023-08-15 18:50:54
NVDA,446.26,2023-08-15 18:44:09
NVDA,446.26,2023-08-15 18:37:30
NVDA,444.34,2023-08-15 18:30:29
NVDA,445.44,2023-08-15 18:24:04
NVDA,445.98,2023-08-15 18:08:50
NVDA,444.01,2023-08-15 17:55:50
NVDA,443.58,2023-08-15 17:49:18
NVDA,443.11,2023-08-15 17:43:04
NVDA,442.65,2023-08-15 17:36:07
NVDA,445.15,2023-08-15 17:29:11
NVDA,445.17,2023-08-15 17:22:26
NVDA,443.93,2023-08-15 17:09:43
NVDA,443.97,2023-08-15 16:58:03
NVDA,445.07,2023-08-15 16:51:14
NVDA,446.07,2023-08-15 16:44:37
NVDA,446.41,2023-08-15 16:37:55
NVDA,447.48,2023-08-15 16:29:33
NVDA,447.45,2023-08-15 16:14:23
NVDA,446.27,2023-08-15 15:58:20
NVDA,445.72,2023-08-15 15:51:41
NVDA,444.77,2023-08-15 15:45:04
NVDA,445.89,2023-08-15 15:38:17
NVDA,445.43,2023-08-15 15:31:24
NVDA,444.08,2023-08-15 15:24:34
NVDA,445.51,2023-08-15 15:17:47
NVDA,443.95,2023-08-15 15:05:45
NVDA,441.8,2023-08-15 14:55:23
NVDA,442.49,2023-08-15 14:48:39
NVDA,440.86,2023-08-15 14:41:49
NVDA,438.29,2023-08-15 14:35:29
NVDA,439.3,2023-08-15 14:28:25
NVDA,440.99,2023-08-15 14:21:09
NVDA,438.28,2023-08-15 14:07:09
NVDA,442.09,2023-08-15 13:56:04
NVDA,442.72,2023-08-15 13:49:26
NVDA,449.8,2023-08-15 13:42:44
NVDA,447.78,2023-08-15 13:35:54
NVDA,437.53,2023-08-15 13:29:02
NVDA,437.53,2023-08-15 13:22:39
NVDA,437.53,2023-08-15 13:08:47
NVDA,437.53,2023-08-15 12:55:50
NVDA,437.53,2023-08-15 12:41:37
NVDA,437.53,2023-08-15 12:16:21
NVDA,437.53,2023-08-15 11:56:59
NVDA,437.53,2023-08-15 11:50:21
NVDA,437.53,2023-08-15 11:43:32
NVDA,437.53,2023-08-15 11:36:51
NVDA,437.53,2023-08-15 11:30:09
NVDA,437.53,2023-08-15 11:23:15
NVDA,437.53,2023-08-15 11:16:39
NVDA,437.53,2023-08-15 11:07:30
NVDA,437.53,2023-08-15 10:57:00
NVDA,437.53,2023-08-15 10:50:08
NVDA,437.53,2023-08-15 10:43:50
NVDA,437.53,2023-08-15 10:37:07
NVDA,437.53,2023-08-15 10:30:08
NVDA,437.53,2023-08-15 10:21:58
NVDA,437.53,2023-08-15 10:05:41
NVDA,437.53,2023-08-15 09:55:19
NVDA,437.53,2023-08-15 09:48:38
NVDA,437.53,2023-08-15 09:42:06
NVDA,437.53,2023-08-15 09:35:33
NVDA,437.53,2023-08-15 09:28:54
NVDA,437.53,2023-08-15 09:22:10
NVDA,437.53,2023-08-15 09:14:06
NVDA,437.53,2023-08-15 09:00:37
NVDA,437.53,2023-08-15 08:54:07
NVDA,437.53,2023-08-15 08:47:10
NVDA,437.53,2023-08-15 08:40:21
NVDA,437.53,2023-08-15 08:33:54
NVDA,437.53,2023-08-15 08:26:36
NVDA,437.53,2023-08-15 08:13:52
NVDA,437.53,2023-08-15 07:58:07
NVDA,437.53,2023-08-15 07:51:36
NVDA,437.53,2023-08-15 07:44:50
NVDA,437.53,2023-08-15 07:38:25
NVDA,437.53,2023-08-15 07:31:24
NVDA,437.53,2023-08-15 07:24:36
NVDA,437.53,2023-08-15 07:18:04
NVDA,437.53,2023-08-15 07:07:25
NVDA,437.53,2023-08-15 06:55:54
NVDA,437.53,2023-08-15 06:49:33
NVDA,437.53,2023-08-15 06:42:54
NVDA,437.53,2023-08-15 06:35:58
NVDA,437.53,2023-08-15 06:29:07
NVDA,437.53,2023-08-15 06:17:58
NVDA,437.53,2023-08-15 06:00:07
NVDA,437.53,2023-08-15 05:53:41
NVDA,437.53,2023-08-15 05:46:58
NVDA,437.53,2023-08-15 05:40:21
NVDA,437.53,2023-08-15 05:33:49
NVDA,437.53,2023-08-15 05:26:56
NVDA,437.53,2023-08-15 05:18:28
NVDA,437.53,2023-08-15 05:04:46
NVDA,437.53,2023-08-15 04:55:10
NVDA,437.53,2023-08-15 04:48:45
NVDA,437.53,2023-08-15 04:42:11
NVDA,437.53,2023-08-15 04:35:21
NVDA,437.53,2023-08-15 04:28:17
NVDA,437.53,2023-08-15 04:17:29
NVDA,437.53,2023-08-15 04:00:34
NVDA,437.53,2023-08-15 03:53:43
NVDA,437.53,2023-08-15 03:46:57
NVDA,437.53,2023-08-15 03:40:28
NVDA,437.53,2023-08-15 03:33:42
NVDA,437.53,2023-08-15 03:26:52
NVDA,437.53,2023-08-15 03:20:07
NVDA,437.53,2023-08-15 03:07:19
NVDA,437.53,2023-08-15 02:55:18
NVDA,437.53,2023-08-15 02:48:45
NVDA,437.53,2023-08-15 02:42:26
NVDA,437.53,2023-08-15 02:35:42
NVDA,437.53,2023-08-15 02:28:19
NVDA,437.53,2023-08-15 02:20:39
NVDA,437.53,2023-08-15 02:01:44
NVDA,437.53,2023-08-15 01:30:54
NVDA,437.53,2023-08-15 00:30:48
NVDA,437.53,2023-08-14 23:55:42
NVDA,437.53,2023-08-14 23:48:59
NVDA,437.53,2023-08-14 23:42:17
NVDA,437.53,2023-08-14 23:35:32
NVDA,437.53,2023-08-14 23:28:45
NVDA,437.53,2023-08-14 23:21:49
NVDA,437.53,2023-08-14 23:14:45
NVDA,437.53,2023-08-14 23:01:04
NVDA,437.53,2023-08-14 22:54:19
NVDA,437.53,2023-08-14 22:47:44
NVDA,437.53,2023-08-14 22:41:07
NVDA,437.53,2023-08-14 22:34:13
NVDA,437.53,2023-08-14 22:27:26
NVDA,437.53,2023-08-14 22:17:46
NVDA,437.53,2023-08-14 22:03:05
NVDA,437.53,2023-08-14 21:55:05
NVDA,437.53,2023-08-14 21:48:22
NVDA,437.53,2023-08-14 21:41:45
NVDA,437.53,2023-08-14 21:35:01
NVDA,437.53,2023-08-14 21:27:56
NVDA,437.53,2023-08-14 21:21:11
NVDA,437.53,2023-08-14 21:14:39
NVDA,437.53,2023-08-14 21:01:44
NVDA,437.53,2023-08-14 20:54:38
NVDA,437.53,2023-08-14 20:48:06
NVDA,437.53,2023-08-14 20:41:40
NVDA,437.53,2023-08-14 20:34:44
NVDA,437.53,2023-08-14 20:27:22
NVDA,437.53,2023-08-14 20:20:47
NVDA,437.53,2023-08-14 20:08:29
NVDA,437.06,2023-08-14 19:56:07
NVDA,436.03,2023-08-14 19:49:18
NVDA,435.35,2023-08-14 19:42:48
NVDA,435.0,2023-08-14 19:36:23
NVDA,434.37,2023-08-14 19:29:41
NVDA,434.63,2023-08-14 19:22:59
NVDA,434.61,2023-08-14 19:16:17
NVDA,434.15,2023-08-14 19:08:50
NVDA,433.67,2023-08-14 18:58:16
NVDA,433.99,2023-08-14 18:51:39
NVDA,433.08,2023-08-14 18:44:46
NVDA,433.56,2023-08-14 18:38:17
NVDA,433.71,2023-08-14 18:31:28
NVDA,433.72,2023-08-14 18:24:35
NVDA,434.24,2023-08-14 18:08:05
NVDA,434.36,2023-08-14 17:55:17
NVDA,434.55,2023-08-14 17:48:52
NVDA,435.3,2023-08-14 17:42:12
NVDA,434.08,2023-08-14 17:35:43
NVDA,434.73,2023-08-14 17:28:23
NVDA,435.59,2023-08-14 17:21:39
NVDA,433.44,2023-08-14 17:08:18
NVDA,430.79,2023-08-14 16:56:55
NVDA,431.02,2023-08-14 16:50:11
NVDA,429.05,2023-08-14 16:43:33
NVDA,429.41,2023-08-14 16:36:36
NVDA,430.06,2023-08-14 16:29:40
NVDA,429.08,2023-08-14 16:16:47
NVDA,430.3,2023-08-14 16:00:24
NVDA,430.97,2023-08-14 15:53:39
NVDA,430.69,2023-08-14 15:47:08
NVDA,428.75,2023-08-14 15:40:20
NVDA,428.5,2023-08-14 15:33:38
NVDA,425.94,2023-08-14 15:26:38
NVDA,425.42,2023-08-14 15:19:54
NVDA,425.86,2023-08-14 15:08:54
NVDA,427.4,2023-08-14 14:56:52
NVDA,426.84,2023-08-14 14:50:29
NVDA,426.03,2023-08-14 14:43:57
NVDA,424.25,2023-08-14 14:37:15
NVDA,419.85,2023-08-14 14:30:31
NVDA,421.81,2023-08-14 14:23:39
NVDA,418.41,2023-08-14 14:08:58
NVDA,413.55,2023-08-14 13:57:10
NVDA,413.48,2023-08-14 13:50:40
NVDA,411.02,2023-08-14 13:43:54
NVDA,405.06,2023-08-14 13:37:17
NVDA,404.1,2023-08-14 13:30:25
NVDA,408.55,2023-08-14 13:23:33
NVDA,408.55,2023-08-14 13:09:12
NVDA,408.55,2023-08-14 12:55:56
NVDA,408.55,2023-08-14 12:39:53
NVDA,408.55,2023-08-14 12:12:47
NVDA,408.55,2023-08-14 11:55:48
NVDA,408.55,2023-08-14 11:49:18
NVDA,408.55,2023-08-14 11:42:36
NVDA,408.55,2023-08-14 11:35:43
NVDA,408.55,2023-08-14 11:29:09
NVDA,408.55,2023-08-14 11:22:17
NVDA,408.55,2023-08-14 11:15:33
NVDA,408.55,2023-08-14 11:05:13
NVDA,408.55,2023-08-14 10:55:38
NVDA,408.55,2023-08-14 10:48:58
NVDA,408.55,2023-08-14 10:42:13
NVDA,408.55,2023-08-14 10:35:16
NVDA,408.55,2023-08-14 10:28:53
NVDA,408.55,2023-08-14 10:16:09
NVDA,408.55,2023-08-14 10:00:33
NVDA,408.55,2023-08-14 09:54:13
NVDA,408.55,2023-08-14 09:47:21
NVDA,408.55,2023-08-14 09:40:48
NVDA,408.55,2023-08-14 09:34:00
NVDA,408.55,2023-08-14 09:26:58
NVDA,408.55,2023-08-14 09:20:30
NVDA,408.55,2023-08-14 09:09:13
NVDA,408.55,2023-08-14 08:56:55
NVDA,408.55,2023-08-14 08:49:59
NVDA,408.55,2023-08-14 08:43:12
NVDA,408.55,2023-08-14 08:36:37
NVDA,408.55,2023-08-14 08:29:40
NVDA,408.55,2023-08-14 08:19:54
NVDA,408.55,2023-08-14 08:01:02
NVDA,408.55,2023-08-14 07:54:23
NVDA,408.55,2023-08-14 07:47:55
NVDA,408.55,2023-08-14 07:41:04
NVDA,408.55,2023-08-14 07:34:13
NVDA,408.55,2023-08-14 07:27:17
NVDA,408.55,2023-08-14 07:20:50
NVDA,408.55,2023-08-14 07:12:16
NVDA,408.55,2023-08-14 06:59:06
NVDA,408.55,2023-08-14 06:52:42
NVDA,408.55,2023-08-14 06:45:51
NVDA,408.55,2023-08-14 06:39:25
NVDA,408.55,2023-08-14 06:32:46
NVDA,408.55,2023-08-14 06:25:08
NVDA,408.55,2023-08-14 06:07:45
NVDA,408.55,2023-08-14 05:54:40
NVDA,408.55,2023-08-14 05:48:02
NVDA,408.55,2023-08-14 05:41:32
NVDA,408.55,2023-08-14 05:34:45
NVDA,408.55,2023-08-14 05:27:41
NVDA,408.55,2023-08-14 05:20:34
NVDA,408.55,2023-08-14 05:06:12
NVDA,408.55,2023-08-14 04:55:17
NVDA,408.55,2023-08-14 04:48:44
NVDA,408.55,2023-08-14 04:41:59
NVDA,408.55,2023-08-14 04:35:36
NVDA,408.55,2023-08-14 04:28:41
NVDA,408.55,2023-08-14 04:18:02
NVDA,408.55,2023-08-14 04:00:30
NVDA,408.55,2023-08-14 03:54:12
NVDA,408.55,2023-08-14 03:47:09
NVDA,408.55,2023-08-14 03:40:23
NVDA,408.55,2023-08-14 03:33:54
NVDA,408.55,2023-08-14 03:26:57
NVDA,408.55,2023-08-14 03:20:05
NVDA,408.55,2023-08-14 03:07:52
NVDA,408.55,2023-08-14 02:55:39
NVDA,408.55,2023-08-14 02:49:06
NVDA,408.55,2023-08-14 02:42:27
NVDA,408.55,2023-08-14 02:35:53
NVDA,408.55,2023-08-14 02:28:48
NVDA,408.55,2023-08-14 02:20:26
NVDA,408.55,2023-08-14 02:01:06
NVDA,408.55,2023-08-14 01:29:03
NVDA,408.55,2023-08-14 00:26:10
NVDA,408.55,2023-08-13 23:54:51
NVDA,408.55,2023-08-13 23:48:12
NVDA,408.55,2023-08-13 23:41:35
NVDA,408.55,2023-08-13 23:35:01
NVDA,408.55,2023-08-13 23:28:02
NVDA,408.55,2023-08-13 23:21:06
NVDA,408.55,2023-08-13 23:13:43
NVDA,408.55,2023-08-13 23:00:30
NVDA,408.55,2023-08-13 22:53:45
NVDA,408.55,2023-08-13 22:47:07
NVDA,408.55,2023-08-13 22:40:20
NVDA,408.55,2023-08-13 22:33:43
NVDA,408.55,2023-08-13 22:27:10
NVDA,408.55,2023-08-13 22:20:33
NVDA,408.55,2023-08-13 22:07:29
NVDA,408.55,2023-08-13 21:56:46
NVDA,408.55,2023-08-13 21:50:03
NVDA,408.55,2023-08-13 21:43:41
NVDA,408.55,2023-08-13 21:36:26
NVDA,408.55,2023-08-13 21:29:42
NVDA,408.55,2023-08-13 21:23:05
NVDA,408.55,2023-08-13 21:16:21
NVDA,408.55,2023-08-13 21:07:55
NVDA,408.55,2023-08-13 20:57:39
NVDA,408.55,2023-08-13 20:50:54
NVDA,408.55,2023-08-13 20:44:18
NVDA,408.55,2023-08-13 20:37:26
NVDA,408.55,2023-08-13 20:30:24
NVDA,408.55,2023-08-13 20:23:35
NVDA,408.55,2023-08-13 20:17:08
NVDA,408.55,2023-08-13 20:02:23
NVDA,408.55,2023-08-13 19:54:52
NVDA,408.55,2023-08-13 19:48:28
NVDA,408.55,2023-08-13 19:41:16
NVDA,408.55,2023-08-13 19:34:31
NVDA,408.55,2023-08-13 19:27:56
NVDA,408.55,2023-08-13 19:21:17
NVDA,408.55,2023-08-13 19:14:41
NVDA,408.55,2023-08-13 19:06:08
NVDA,408.55,2023-08-13 18:56:21
NVDA,408.55,2023-08-13 18:49:43
NVDA,408.55,2023-08-13 18:43:08
NVDA,408.55,2023-08-13 18:36:50
NVDA,408.55,2023-08-13 18:30:08
NVDA,408.55,2023-08-13 18:23:03
NVDA,408.55,2023-08-13 18:09:31
NVDA,408.55,2023-08-13 17:56:31
NVDA,408.55,2023-08-13 17:50:10
NVDA,408.55,2023-08-13 17:43:31
NVDA,408.55,2023-08-13 17:36:39
NVDA,408.55,2023-08-13 17:29:43
NVDA,408.55,2023-08-13 17:23:16
NVDA,408.55,2023-08-13 17:13:40
NVDA,408.55,2023-08-13 17:01:37
NVDA,408.55,2023-08-13 16:54:46
NVDA,408.55,2023-08-13 16:48:21
NVDA,408.55,2023-08-13 16:41:30
NVDA,408.55,2023-08-13 16:34:59
NVDA,408.55,2023-08-13 16:28:16
NVDA,408.55,2023-08-13 16:15:13
NVDA,408.55,2023-08-13 15:59:26
NVDA,408.55,2023-08-13 15:52:34
NVDA,408.55,2023-08-13 15:45:55
NVDA,408.55,2023-08-13 15:39:36
NVDA,408.55,2023-08-13 15:32:43
NVDA,408.55,2023-08-13 15:25:41
NVDA,408.55,2023-08-13 15:18:48
NVDA,408.55,2023-08-13 15:08:11
NVDA,408.55,2023-08-13 14:57:00
NVDA,408.55,2023-08-13 14:50:29
NVDA,408.55,2023-08-13 14:43:55
NVDA,408.55,2023-08-13 14:37:09
NVDA,408.55,2023-08-13 14:30:23
NVDA,408.55,2023-08-13 14:23:47
NVDA,408.55,2023-08-13 14:15:04
NVDA,408.55,2023-08-13 14:02:42
NVDA,408.55,2023-08-13 13:54:54
NVDA,408.55,2023-08-13 13:48:21
NVDA,408.55,2023-08-13 13:41:45
NVDA,408.55,2023-08-13 13:35:10
NVDA,408.55,2023-08-13 13:28:14
NVDA,408.55,2023-08-13 13:21:31
NVDA,408.55,2023-08-13 13:11:11
NVDA,408.55,2023-08-13 12:57:59
NVDA,408.55,2023-08-13 12:49:11
NVDA,408.55,2023-08-13 12:34:37
NVDA,408.55,2023-08-13 12:10:13
NVDA,408.55,2023-08-13 11:55:23
NVDA,408.55,2023-08-13 11:48:48
NVDA,408.55,2023-08-13 11:42:17
NVDA,408.55,2023-08-13 11:35:24
NVDA,408.55,2023-08-13 11:28:55
NVDA,408.55,2023-08-13 11:22:10
NVDA,408.55,2023-08-13 11:15:30
NVDA,408.55,2023-08-13 11:07:47
NVDA,408.55,2023-08-13 10:57:27
NVDA,408.55,2023-08-13 10:50:55
NVDA,408.55,2023-08-13 10:44:31
NVDA,408.55,2023-08-13 10:37:30
NVDA,408.55,2023-08-13 10:30:44
NVDA,408.55,2023-08-13 10:24:07
NVDA,408.55,2023-08-13 10:09:10
NVDA,408.55,2023-08-13 09:57:24
NVDA,408.55,2023-08-13 09:50:58
NVDA,408.55,2023-08-13 09:44:06
NVDA,408.55,2023-08-13 09:37:38
NVDA,408.55,2023-08-13 09:30:42
NVDA,408.55,2023-08-13 09:23:46
NVDA,408.55,2023-08-13 09:17:01
NVDA,408.55,2023-08-13 09:05:47
NVDA,408.55,2023-08-13 08:55:28
NVDA,408.55,2023-08-13 08:48:55
NVDA,408.55,2023-08-13 08:42:31
NVDA,408.55,2023-08-13 08:36:01
NVDA,408.55,2023-08-13 08:28:58
NVDA,408.55,2023-08-13 08:22:40
NVDA,408.55,2023-08-13 08:09:47
NVDA,408.55,2023-08-13 07:56:30
NVDA,408.55,2023-08-13 07:49:58
NVDA,408.55,2023-08-13 07:43:27
NVDA,408.55,2023-08-13 07:36:27
NVDA,408.55,2023-08-13 07:30:04
NVDA,408.55,2023-08-13 07:23:25
NVDA,408.55,2023-08-13 07:16:53
NVDA,408.55,2023-08-13 07:07:38
NVDA,408.55,2023-08-13 06:56:45
NVDA,408.55,2023-08-13 06:50:22
NVDA,408.55,2023-08-13 06:43:32
NVDA,408.55,2023-08-13 06:37:03
NVDA,408.55,2023-08-13 06:30:18
NVDA,408.55,2023-08-13 06:23:34
NVDA,408.55,2023-08-13 06:09:17
NVDA,408.55,2023-08-13 05:56:03
NVDA,408.55,2023-08-13 05:49:41
NVDA,408.55,2023-08-13 05:43:06
NVDA,408.55,2023-08-13 05:36:05
NVDA,408.55,2023-08-13 05:29:08
NVDA,408.55,2023-08-13 05:22:42
NVDA,408.55,2023-08-13 05:10:59
NVDA,408.55,2023-08-13 04:59:11
NVDA,408.55,2023-08-13 04:52:36
NVDA,408.55,2023-08-13 04:46:04
NVDA,408.55,2023-08-13 04:39:12
NVDA,408.55,2023-08-13 04:32:29
NVDA,408.55,2023-08-13 04:25:50
NVDA,408.55,2023-08-13 04:14:18
NVDA,408.55,2023-08-13 03:59:15
NVDA,408.55,2023-08-13 03:52:33
NVDA,408.55,2023-08-13 03:46:14
NVDA,408.55,2023-08-13 03:39:31
NVDA,408.55,2023-08-13 03:32:45
NVDA,408.55,2023-08-13 03:25:57
NVDA,408.55,2023-08-13 03:19:26
NVDA,408.55,2023-08-13 03:07:31
NVDA,408.55,2023-08-13 02:55:57
NVDA,408.55,2023-08-13 02:49:11
NVDA,408.55,2023-08-13 02:42:31
NVDA,408.55,2023-08-13 02:35:40
NVDA,408.55,2023-08-13 02:28:56
NVDA,408.55,2023-08-13 02:22:14
NVDA,408.55,2023-08-13 02:04:58
NVDA,408.55,2023-08-13 01:38:46
NVDA,408.55,2023-08-13 00:52:47
NVDA,408.55,2023-08-12 23:58:25
NVDA,408.55,2023-08-12 23:51:39
NVDA,408.55,2023-08-12 23:45:23
NVDA,408.55,2023-08-12 23:38:52
NVDA,408.55,2023-08-12 23:31:48
NVDA,408.55,2023-08-12 23:25:04
NVDA,408.55,2023-08-12 23:18:25
NVDA,408.55,2023-08-12 23:07:22
NVDA,408.55,2023-08-12 22:56:42
NVDA,408.55,2023-08-12 22:50:16
NVDA,408.55,2023-08-12 22:43:22
NVDA,408.55,2023-08-12 22:36:41
NVDA,408.55,2023-08-12 22:29:58
NVDA,408.55,2023-08-12 22:23:03
NVDA,408.55,2023-08-12 22:12:08
NVDA,408.55,2023-08-12 22:00:10
NVDA,408.55,2023-08-12 21:53:45
NVDA,408.55,2023-08-12 21:47:07
NVDA,408.55,2023-08-12 21:40:28
NVDA,408.55,2023-08-12 21:34:05
NVDA,408.55,2023-08-12 21:27:16
NVDA,408.55,2023-08-12 21:20:33
NVDA,408.55,2023-08-12 21:13:52
NVDA,408.55,2023-08-12 21:02:34
NVDA,408.55,2023-08-12 20:54:58
NVDA,408.55,2023-08-12 20:48:21
NVDA,408.55,2023-08-12 20:41:27
NVDA,408.55,2023-08-12 20:34:51
NVDA,408.55,2023-08-12 20:27:37
NVDA,408.55,2023-08-12 20:21:01
NVDA,408.55,2023-08-12 20:12:59
NVDA,408.55,2023-08-12 20:00:07
NVDA,408.55,2023-08-12 19:53:28
NVDA,408.55,2023-08-12 19:46:56
NVDA,408.55,2023-08-12 19:40:16
NVDA,408.55,2023-08-12 19:33:15
NVDA,408.55,2023-08-12 19:26:41
NVDA,408.55,2023-08-12 19:19:56
NVDA,408.55,2023-08-12 19:13:01
NVDA,408.55,2023-08-12 19:02:42
NVDA,408.55,2023-08-12 18:55:01
NVDA,408.55,2023-08-12 18:48:18
NVDA,408.55,2023-08-12 18:41:47
NVDA,408.55,2023-08-12 18:35:06
NVDA,408.55,2023-08-12 18:27:34
NVDA,408.55,2023-08-12 18:21:19
NVDA,408.55,2023-08-12 18:04:40
NVDA,408.55,2023-08-12 17:54:51
NVDA,408.55,2023-08-12 17:48:23
NVDA,408.55,2023-08-12 17:41:30
NVDA,408.55,2023-08-12 17:35:01
NVDA,408.55,2023-08-12 17:28:12
NVDA,408.55,2023-08-12 17:21:24
NVDA,408.55,2023-08-12 17:11:46
NVDA,408.55,2023-08-12 17:00:22
NVDA,408.55,2023-08-12 16:53:43
NVDA,408.55,2023-08-12 16:47:04
NVDA,408.55,2023-08-12 16:40:29
NVDA,408.55,2023-08-12 16:34:02
NVDA,408.55,2023-08-12 16:27:22
NVDA,408.55,2023-08-12 16:13:40
NVDA,408.55,2023-08-12 15:58:37
NVDA,408.55,2023-08-12 15:51:52
NVDA,408.55,2023-08-12 15:45:05
NVDA,408.55,2023-08-12 15:38:30
NVDA,408.55,2023-08-12 15:31:39
NVDA,408.55,2023-08-12 15:24:44
NVDA,408.55,2023-08-12 15:18:12
NVDA,408.55,2023-08-12 15:06:54
NVDA,408.55,2023-08-12 14:56:16
NVDA,408.55,2023-08-12 14:49:46
NVDA,408.55,2023-08-12 14:42:54
NVDA,408.55,2023-08-12 14:36:07
NVDA,408.55,2023-08-12 14:29:17
NVDA,408.55,2023-08-12 14:22:44
NVDA,408.55,2023-08-12 14:13:15
NVDA,408.55,2023-08-12 14:01:40
NVDA,408.55,2023-08-12 13:54:39
NVDA,408.55,2023-08-12 13:48:10
NVDA,408.55,2023-08-12 13:41:22
NVDA,408.55,2023-08-12 13:34:34
NVDA,408.55,2023-08-12 13:27:28
NVDA,408.55,2023-08-12 13:20:47
NVDA,408.55,2023-08-12 13:10:30
NVDA,408.55,2023-08-12 12:57:55
NVDA,408.55,2023-08-12 12:49:06
NVDA,408.55,2023-08-12 12:34:36
NVDA,408.55,2023-08-12 12:10:36
NVDA,408.55,2023-08-12 11:55:17
NVDA,408.55,2023-08-12 11:48:55
NVDA,408.55,2023-08-12 11:42:06
NVDA,408.55,2023-08-12 11:35:34
NVDA,408.55,2023-08-12 11:29:01
NVDA,408.55,2023-08-12 11:22:11
NVDA,408.55,2023-08-12 11:15:33
NVDA,408.55,2023-08-12 11:08:16
NVDA,408.55,2023-08-12 10:58:15
NVDA,408.55,2023-08-12 10:51:43
NVDA,408.55,2023-08-12 10:44:50
NVDA,408.55,2023-08-12 10:38:29
NVDA,408.55,2023-08-12 10:31:22
NVDA,408.55,2023-08-12 10:24:58
NVDA,408.55,2023-08-12 10:12:27
NVDA,408.55,2023-08-12 09:59:27
NVDA,408.55,2023-08-12 09:52:55
NVDA,408.55,2023-08-12 09:46:25
NVDA,408.55,2023-08-12 09:39:41
NVDA,408.55,2023-08-12 09:33:01
NVDA,408.55,2023-08-12 09:26:20
NVDA,408.55,2023-08-12 09:19:38
NVDA,408.55,2023-08-12 09:11:50
NVDA,408.55,2023-08-12 08:59:49
NVDA,408.55,2023-08-12 08:53:18
NVDA,408.55,2023-08-12 08:46:20
NVDA,408.55,2023-08-12 08:39:27
NVDA,408.55,2023-08-12 08:33:09
NVDA,408.55,2023-08-12 08:26:08
NVDA,408.55,2023-08-12 08:16:26
NVDA,408.55,2023-08-12 08:00:25
NVDA,408.55,2023-08-12 07:53:44
NVDA,408.55,2023-08-12 07:47:00
NVDA,408.55,2023-08-12 07:40:23
NVDA,408.55,2023-08-12 07:33:37
NVDA,408.55,2023-08-12 07:26:46
NVDA,408.55,2023-08-12 07:20:04
NVDA,408.55,2023-08-12 07:13:23
NVDA,408.55,2023-08-12 07:01:11
NVDA,408.55,2023-08-12 06:54:26
NVDA,408.55,2023-08-12 06:47:44
NVDA,408.55,2023-08-12 06:40:52
NVDA,408.55,2023-08-12 06:34:14
NVDA,408.55,2023-08-12 06:27:01
NVDA,408.55,2023-08-12 06:17:07
NVDA,408.55,2023-08-12 06:00:27
NVDA,408.55,2023-08-12 05:53:52
NVDA,408.55,2023-08-12 05:47:10
NVDA,408.55,2023-08-12 05:40:26
NVDA,408.55,2023-08-12 05:33:56
NVDA,408.55,2023-08-12 05:27:13
NVDA,408.55,2023-08-12 05:20:27
NVDA,408.55,2023-08-12 05:07:29
NVDA,408.55,2023-08-12 04:56:04
NVDA,408.55,2023-08-12 04:49:53
NVDA,408.55,2023-08-12 04:42:56
NVDA,408.55,2023-08-12 04:36:22
NVDA,408.55,2023-08-12 04:29:32
NVDA,408.55,2023-08-12 04:23:04
NVDA,408.55,2023-08-12 04:07:39
NVDA,408.55,2023-08-12 03:55:32
NVDA,408.55,2023-08-12 03:48:46
NVDA,408.55,2023-08-12 03:42:10
NVDA,408.55,2023-08-12 03:35:41
NVDA,408.55,2023-08-12 03:28:45
NVDA,408.55,2023-08-12 03:22:20
NVDA,408.55,2023-08-12 03:14:01
NVDA,408.55,2023-08-12 03:00:04
NVDA,408.55,2023-08-12 02:53:37
NVDA,408.55,2023-08-12 02:46:56
NVDA,408.55,2023-08-12 02:40:01
NVDA,408.55,2023-08-12 02:33:13
NVDA,408.55,2023-08-12 02:26:05
NVDA,408.55,2023-08-12 02:18:39
NVDA,408.55,2023-08-12 02:01:47
NVDA,408.55,2023-08-12 01:34:41
NVDA,408.55,2023-08-12 00:52:58
NVDA,408.55,2023-08-11 23:59:10
NVDA,408.55,2023-08-11 23:52:14
NVDA,408.55,2023-08-11 23:45:41
NVDA,408.55,2023-08-11 23:38:49
NVDA,408.55,2023-08-11 23:32:11
NVDA,408.55,2023-08-11 23:25:13
NVDA,408.55,2023-08-11 23:18:25
NVDA,408.55,2023-08-11 23:07:29
NVDA,408.55,2023-08-11 22:56:22
NVDA,408.55,2023-08-11 22:49:43
NVDA,408.55,2023-08-11 22:43:05
NVDA,408.55,2023-08-11 22:36:07
NVDA,408.55,2023-08-11 22:29:29
NVDA,408.55,2023-08-11 22:22:52
NVDA,408.55,2023-08-11 22:09:26
NVDA,408.55,2023-08-11 21:57:35
NVDA,408.55,2023-08-11 21:50:43
NVDA,408.55,2023-08-11 21:44:02
NVDA,408.55,2023-08-11 21:37:29
NVDA,408.55,2023-08-11 21:30:24
NVDA,408.55,2023-08-11 21:24:13
NVDA,408.55,2023-08-11 21:17:10
NVDA,408.55,2023-08-11 21:08:09
NVDA,408.55,2023-08-11 20:57:16
NVDA,408.55,2023-08-11 20:50:53
NVDA,408.55,2023-08-11 20:44:12
NVDA,408.55,2023-08-11 20:37:44
NVDA,408.55,2023-08-11 20:31:01
NVDA,408.55,2023-08-11 20:23:58
NVDA,408.55,2023-08-11 20:16:44
NVDA,408.55,2023-08-11 20:01:19
NVDA,409.2,2023-08-11 19:54:35
NVDA,409.9,2023-08-11 19:47:52
NVDA,409.79,2023-08-11 19:41:27
NVDA,410.32,2023-08-11 19:34:45
NVDA,409.83,2023-08-11 19:27:38
NVDA,409.96,2023-08-11 19:21:18
NVDA,409.52,2023-08-11 19:14:36
NVDA,409.96,2023-08-11 19:03:55
NVDA,409.78,2023-08-11 18:55:23
NVDA,410.25,2023-08-11 18:48:53
NVDA,410.72,2023-08-11 18:41:54
NVDA,410.82,2023-08-11 18:35:16
NVDA,410.65,2023-08-11 18:28:12
NVDA,410.29,2023-08-11 18:17:48
NVDA,410.41,2023-08-11 18:00:35
NVDA,409.45,2023-08-11 17:53:43
NVDA,410.02,2023-08-11 17:46:54
NVDA,410.4,2023-08-11 17:40:28
NVDA,410.58,2023-08-11 17:33:39
NVDA,410.22,2023-08-11 17:26:49
NVDA,410.09,2023-08-11 17:20:14
NVDA,409.37,2023-08-11 17:07:18
NVDA,407.95,2023-08-11 16:56:10
NVDA,408.78,2023-08-11 16:49:26
NVDA,409.58,2023-08-11 16:42:32
NVDA,410.76,2023-08-11 16:36:01
NVDA,410.06,2023-08-11 16:28:29
NVDA,411.08,2023-08-11 16:15:05
NVDA,408.94,2023-08-11 15:59:26
NVDA,407.1,2023-08-11 15:53:00
NVDA,409.35,2023-08-11 15:46:04
NVDA,409.21,2023-08-11 15:39:36
NVDA,408.93,2023-08-11 15:33:06
NVDA,411.03,2023-08-11 15:26:22
NVDA,410.96,2023-08-11 15:19:45
NVDA,414.36,2023-08-11 15:06:00
NVDA,413.87,2023-08-11 14:55:16
NVDA,415.62,2023-08-11 14:48:29
NVDA,416.36,2023-08-11 14:42:03
NVDA,414.86,2023-08-11 14:35:13
NVDA,416.17,2023-08-11 14:28:04
NVDA,416.41,2023-08-11 14:20:47
NVDA,417.42,2023-08-11 14:07:05
NVDA,415.86,2023-08-11 13:56:04
NVDA,416.02,2023-08-11 13:49:22
NVDA,416.42,2023-08-11 13:42:37
NVDA,419.22,2023-08-11 13:35:54
NVDA,423.88,2023-08-11 13:29:25
NVDA,423.88,2023-08-11 13:22:42
NVDA,423.88,2023-08-11 13:09:29
NVDA,423.88,2023-08-11 12:56:16
NVDA,423.88,2023-08-11 12:42:11
NVDA,423.88,2023-08-11 12:18:31
NVDA,423.88,2023-08-11 11:57:45
NVDA,423.88,2023-08-11 11:51:00
NVDA,423.88,2023-08-11 11:43:58
NVDA,423.88,2023-08-11 11:37:13
NVDA,423.88,2023-08-11 11:30:37
NVDA,423.88,2023-08-11 11:24:00
NVDA,423.88,2023-08-11 11:17:23
NVDA,423.88,2023-08-11 11:09:06
NVDA,423.88,2023-08-11 10:58:09
NVDA,423.88,2023-08-11 10:51:28
NVDA,423.88,2023-08-11 10:44:19
NVDA,423.88,2023-08-11 10:37:46
NVDA,423.88,2023-08-11 10:30:48
NVDA,423.88,2023-08-11 10:24:11
NVDA,423.88,2023-08-11 10:07:09
NVDA,423.88,2023-08-11 09:55:26
NVDA,423.88,2023-08-11 09:48:59
NVDA,423.88,2023-08-11 09:42:39
NVDA,423.88,2023-08-11 09:35:50
NVDA,423.88,2023-08-11 09:29:20
NVDA,423.88,2023-08-11 09:22:28
NVDA,423.88,2023-08-11 09:14:43
NVDA,423.88,2023-08-11 09:00:41
NVDA,423.88,2023-08-11 08:54:11
NVDA,423.88,2023-08-11 08:47:38
NVDA,423.88,2023-08-11 08:40:48
NVDA,423.88,2023-08-11 08:33:52
NVDA,423.88,2023-08-11 08:27:00
NVDA,423.88,2023-08-11 08:15:09
NVDA,423.88,2023-08-11 07:59:01
NVDA,423.88,2023-08-11 07:52:37
NVDA,423.88,2023-08-11 07:45:53
NVDA,423.88,2023-08-11 07:39:07
NVDA,423.88,2023-08-11 07:32:19
NVDA,423.88,2023-08-11 07:25:19
NVDA,423.88,2023-08-11 07:18:50
NVDA,423.88,2023-08-11 07:08:33
NVDA,423.88,2023-08-11 06:57:05
NVDA,423.88,2023-08-11 06:50:17
NVDA,423.88,2023-08-11 06:43:24
NVDA,423.88,2023-08-11 06:36:21
NVDA,423.88,2023-08-11 06:29:48
NVDA,423.88,2023-08-11 06:19:31
NVDA,423.88,2023-08-11 06:00:40
NVDA,423.88,2023-08-11 05:54:23
NVDA,423.88,2023-08-11 05:47:30
NVDA,423.88,2023-08-11 05:40:52
NVDA,423.88,2023-08-11 05:34:17
NVDA,423.88,2023-08-11 05:27:11
NVDA,423.88,2023-08-11 05:19:42
NVDA,423.88,2023-08-11 05:05:41
NVDA,423.88,2023-08-11 04:55:22
NVDA,423.88,2023-08-11 04:48:36
NVDA,423.88,2023-08-11 04:41:45
NVDA,423.88,2023-08-11 04:34:59
NVDA,423.88,2023-08-11 04:28:10
NVDA,423.88,2023-08-11 04:17:17
NVDA,423.88,2023-08-11 04:00:28
NVDA,423.88,2023-08-11 03:53:45
NVDA,423.88,2023-08-11 03:46:53
NVDA,423.88,2023-08-11 03:40:18
NVDA,423.88,2023-08-11 03:33:38
NVDA,423.88,2023-08-11 03:26:40
NVDA,423.88,2023-08-11 03:20:01
NVDA,423.88,2023-08-11 03:07:00
NVDA,423.88,2023-08-11 02:55:32
NVDA,423.88,2023-08-11 02:48:53
NVDA,423.88,2023-08-11 02:42:05
NVDA,423.88,2023-08-11 02:35:36
NVDA,423.88,2023-08-11 02:28:16
NVDA,423.88,2023-08-11 02:21:29
NVDA,423.88,2023-08-11 02:03:34
NVDA,423.88,2023-08-11 01:38:29
NVDA,423.88,2023-08-11 00:56:15
NVDA,423.88,2023-08-10 23:59:38
NVDA,423.88,2023-08-10 23:52:45
NVDA,423.88,2023-08-10 23:46:14
NVDA,423.88,2023-08-10 23:39:21
NVDA,423.88,2023-08-10 23:32:49
NVDA,423.88,2023-08-10 23:26:12
NVDA,423.88,2023-08-10 23:19:38
NVDA,423.88,2023-08-10 23:09:15
NVDA,423.88,2023-08-10 22:57:09
NVDA,423.88,2023-08-10 22:50:28
NVDA,423.88,2023-08-10 22:43:43
NVDA,423.88,2023-08-10 22:36:58
NVDA,423.88,2023-08-10 22:30:15
NVDA,423.88,2023-08-10 22:23:38
NVDA,423.88,2023-08-10 22:10:46
NVDA,423.88,2023-08-10 21:58:49
NVDA,423.88,2023-08-10 21:52:07
NVDA,423.88,2023-08-10 21:45:39
NVDA,423.88,2023-08-10 21:38:37
NVDA,423.88,2023-08-10 21:31:59
NVDA,423.88,2023-08-10 21:24:52
NVDA,423.88,2023-08-10 21:18:35
NVDA,423.88,2023-08-10 21:09:56
NVDA,423.88,2023-08-10 20:58:33
NVDA,423.88,2023-08-10 20:51:59
NVDA,423.88,2023-08-10 20:45:13
NVDA,423.88,2023-08-10 20:38:52
NVDA,423.88,2023-08-10 20:32:15
NVDA,423.88,2023-08-10 20:25:28
NVDA,423.88,2023-08-10 20:20:12
NVDA,424.2,2023-08-10 19:29:49
NVDA,425.44,2023-08-10 19:23:07
NVDA,425.92,2023-08-10 19:16:37
NVDA,424.84,2023-08-10 19:09:23
NVDA,425.88,2023-08-10 18:58:56
NVDA,425.23,2023-08-10 18:52:16
NVDA,423.86,2023-08-10 18:45:54
NVDA,424.12,2023-08-10 18:39:14
NVDA,423.88,2023-08-10 18:32:24
NVDA,424.38,2023-08-10 18:25:23
NVDA,423.1,2023-08-10 18:09:38
NVDA,421.96,2023-08-10 17:56:06
NVDA,422.81,2023-08-10 17:49:44
NVDA,421.4,2023-08-10 17:42:55
NVDA,423.53,2023-08-10 17:36:11
NVDA,423.74,2023-08-10 17:29:30
NVDA,422.58,2023-08-10 17:23:09
NVDA,423.7,2023-08-10 17:09:29
NVDA,422.9,2023-08-10 16:57:44
NVDA,425.24,2023-08-10 16:51:15
NVDA,424.64,2023-08-10 16:44:28
NVDA,424.69,2023-08-10 16:37:56
NVDA,422.73,2023-08-10 16:28:19
NVDA,423.08,2023-08-10 16:09:27
NVDA,421.35,2023-08-10 15:55:55
NVDA,422.51,2023-08-10 15:49:10
NVDA,423.94,2023-08-10 15:45:43
NVDA,426.58,2023-08-10 15:36:06
NVDA,424.66,2023-08-10 15:28:50
NVDA,424.19,2023-08-10 15:21:57
NVDA,426.28,2023-08-10 15:06:56
NVDA,428.29,2023-08-10 14:55:05
NVDA,428.77,2023-08-10 14:48:38
NVDA,427.86,2023-08-10 14:42:08
NVDA,431.2,2023-08-10 14:35:38
NVDA,429.08,2023-08-10 14:27:25
NVDA,432.62,2023-08-10 14:12:08
NVDA,432.74,2023-08-10 13:58:32
NVDA,432.52,2023-08-10 13:52:29
NVDA,429.61,2023-08-10 13:45:45
NVDA,427.78,2023-08-10 13:39:15
NVDA,420.32,2023-08-10 13:30:25
NVDA,425.54,2023-08-10 13:06:44
NVDA,425.54,2023-08-10 12:49:04
NVDA,425.54,2023-08-10 12:20:54
NVDA,425.54,2023-08-10 11:57:22
NVDA,425.54,2023-08-10 11:50:56
NVDA,425.54,2023-08-10 11:44:32
NVDA,425.54,2023-08-10 11:37:52
NVDA,425.54,2023-08-10 11:31:02
NVDA,425.54,2023-08-10 11:24:36
NVDA,425.54,2023-08-10 11:17:32
NVDA,425.54,2023-08-10 11:06:58
NVDA,425.54,2023-08-10 10:56:00
NVDA,425.54,2023-08-10 10:49:28
NVDA,425.54,2023-08-10 10:42:55
NVDA,425.54,2023-08-10 10:36:28
NVDA,425.54,2023-08-10 10:27:47
NVDA,425.54,2023-08-10 10:09:40
NVDA,425.54,2023-08-10 09:56:46
NVDA,425.54,2023-08-10 09:50:04
NVDA,425.54,2023-08-10 09:43:29
NVDA,425.54,2023-08-10 09:36:22
NVDA,425.54,2023-08-10 09:29:52
NVDA,425.54,2023-08-10 09:22:55
NVDA,425.54,2023-08-10 09:11:45
NVDA,425.54,2023-08-10 08:58:11
NVDA,425.54,2023-08-10 08:51:27
NVDA,425.54,2023-08-10 08:45:34
NVDA,425.54,2023-08-10 08:39:54
NVDA,425.54,2023-08-10 08:30:53
NVDA,425.54,2023-08-10 08:18:53
NVDA,425.54,2023-08-10 08:00:08
NVDA,425.54,2023-08-10 07:53:44
NVDA,425.54,2023-08-10 07:46:44
NVDA,425.54,2023-08-10 07:39:59
NVDA,425.54,2023-08-10 07:33:16
NVDA,425.54,2023-08-10 07:26:37
NVDA,425.54,2023-08-10 07:20:08
NVDA,425.54,2023-08-10 07:07:34
NVDA,425.54,2023-08-10 06:55:56
NVDA,425.54,2023-08-10 06:49:14
NVDA,425.54,2023-08-10 06:43:01
NVDA,425.54,2023-08-10 06:36:18
NVDA,425.54,2023-08-10 06:28:06
NVDA,425.54,2023-08-10 06:12:08
NVDA,425.54,2023-08-10 05:57:04
NVDA,425.54,2023-08-10 05:50:15
NVDA,425.54,2023-08-10 05:43:53
NVDA,425.54,2023-08-10 05:37:12
NVDA,425.54,2023-08-10 05:30:49
NVDA,425.54,2023-08-10 05:24:17
NVDA,425.54,2023-08-10 05:10:02
NVDA,425.54,2023-08-10 04:57:21
NVDA,425.54,2023-08-10 04:51:00
NVDA,425.54,2023-08-10 04:44:33
NVDA,425.54,2023-08-10 04:37:40
NVDA,425.54,2023-08-10 04:31:01
NVDA,425.54,2023-08-10 04:24:35
NVDA,425.54,2023-08-10 04:07:11
NVDA,425.54,2023-08-10 03:54:58
NVDA,425.54,2023-08-10 03:48:29
NVDA,425.54,2023-08-10 03:41:52
NVDA,425.54,2023-08-10 03:35:21
NVDA,425.54,2023-08-10 03:27:33
NVDA,425.54,2023-08-10 03:21:04
NVDA,425.54,2023-08-10 03:07:50
NVDA,425.54,2023-08-10 02:55:49
NVDA,425.54,2023-08-10 02:49:06
NVDA,425.54,2023-08-10 02:41:13
NVDA,425.54,2023-08-10 02:14:38
NVDA,425.54,2023-08-10 01:19:54
NVDA,425.54,2023-08-10 00:01:02
NVDA,425.54,2023-08-09 23:54:20
NVDA,425.54,2023-08-09 23:47:56
NVDA,425.54,2023-08-09 23:41:25
NVDA,425.54,2023-08-09 23:34:49
NVDA,425.54,2023-08-09 23:27:41
NVDA,425.54,2023-08-09 23:21:05
NVDA,425.54,2023-08-09 23:11:11
NVDA,425.54,2023-08-09 22:58:28
NVDA,425.54,2023-08-09 22:51:44
NVDA,425.54,2023-08-09 22:45:17
NVDA,425.54,2023-08-09 22:38:27
NVDA,425.54,2023-08-09 22:31:40
NVDA,425.54,2023-08-09 22:25:03
NVDA,425.54,2023-08-09 22:11:21
NVDA,425.54,2023-08-09 21:58:31
NVDA,425.54,2023-08-09 21:51:55
NVDA,425.54,2023-08-09 21:45:12
NVDA,425.54,2023-08-09 21:38:36
NVDA,425.54,2023-08-09 21:31:59
NVDA,425.54,2023-08-09 21:24:53
NVDA,425.54,2023-08-09 21:18:13
NVDA,425.54,2023-08-09 21:07:26
NVDA,425.54,2023-08-09 20:56:14
NVDA,425.54,2023-08-09 20:49:39
NVDA,425.54,2023-08-09 20:43:09
NVDA,425.54,2023-08-09 20:36:25
NVDA,425.54,2023-08-09 20:29:23
NVDA,425.54,2023-08-09 20:23:05
NVDA,425.54,2023-08-09 20:11:00
NVDA,426.32,2023-08-09 19:57:26
NVDA,427.45,2023-08-09 19:50:40
NVDA,427.89,2023-08-09 19:44:32
NVDA,427.56,2023-08-09 19:38:47
NVDA,427.79,2023-08-09 19:30:51
NVDA,428.94,2023-08-09 19:24:21
NVDA,428.55,2023-08-09 19:17:20
NVDA,428.59,2023-08-09 19:08:20
NVDA,430.52,2023-08-09 18:57:30
NVDA,431.0,2023-08-09 18:50:56
NVDA,432.03,2023-08-09 18:43:59
NVDA,432.37,2023-08-09 18:37:24
NVDA,433.05,2023-08-09 18:28:56
NVDA,431.35,2023-08-09 18:12:06
NVDA,431.03,2023-08-09 17:57:10
NVDA,430.34,2023-08-09 17:50:27
NVDA,431.17,2023-08-09 17:43:51
NVDA,431.23,2023-08-09 17:36:51
NVDA,430.87,2023-08-09 17:30:23
NVDA,431.13,2023-08-09 17:23:22
NVDA,429.08,2023-08-09 17:09:28
NVDA,427.45,2023-08-09 16:57:24
NVDA,429.16,2023-08-09 16:51:01
NVDA,429.28,2023-08-09 16:44:21
NVDA,429.65,2023-08-09 16:34:45
NVDA,428.81,2023-08-09 16:16:39
NVDA,427.15,2023-08-09 15:58:16
NVDA,425.83,2023-08-09 15:51:43
NVDA,424.86,2023-08-09 15:44:58
NVDA,425.22,2023-08-09 15:38:23
NVDA,424.04,2023-08-09 15:31:29
NVDA,423.0,2023-08-09 15:24:49
NVDA,424.52,2023-08-09 15:10:49
NVDA,425.35,2023-08-09 14:56:52
NVDA,428.6,2023-08-09 14:50:16
NVDA,428.89,2023-08-09 14:43:33
NVDA,432.3,2023-08-09 14:36:39
NVDA,432.44,2023-08-09 14:28:25
NVDA,434.17,2023-08-09 14:13:27
NVDA,435.3,2023-08-09 13:59:43
NVDA,434.01,2023-08-09 13:53:05
NVDA,433.06,2023-08-09 13:46:28
NVDA,437.67,2023-08-09 13:39:34
NVDA,439.33,2023-08-09 13:33:04
NVDA,446.64,2023-08-09 13:26:35
NVDA,446.64,2023-08-09 13:10:02
NVDA,446.64,2023-08-09 12:53:54
NVDA,446.64,2023-08-09 12:29:02
NVDA,446.64,2023-08-09 11:59:52
NVDA,446.64,2023-08-09 11:53:15
NVDA,446.64,2023-08-09 11:46:42
NVDA,446.64,2023-08-09 11:40:09
NVDA,446.64,2023-08-09 11:33:20
NVDA,446.64,2023-08-09 11:26:45
NVDA,446.64,2023-08-09 11:19:48
NVDA,446.64,2023-08-09 11:12:05
NVDA,446.64,2023-08-09 10:59:52
NVDA,446.64,2023-08-09 10:53:23
NVDA,446.64,2023-08-09 10:46:47
NVDA,446.64,2023-08-09 10:40:03
NVDA,446.64,2023-08-09 10:33:28
NVDA,446.64,2023-08-09 10:24:16
NVDA,446.64,2023-08-09 10:05:38
NVDA,446.64,2023-08-09 09:55:02
NVDA,446.64,2023-08-09 09:48:23
NVDA,446.64,2023-08-09 09:42:03
NVDA,446.64,2023-08-09 09:35:15
NVDA,446.64,2023-08-09 09:28:00
NVDA,446.64,2023-08-09 09:21:26
NVDA,446.64,2023-08-09 09:07:21
NVDA,446.64,2023-08-09 08:55:22
NVDA,446.64,2023-08-09 08:48:53
NVDA,446.64,2023-08-09 08:41:58
NVDA,446.64,2023-08-09 08:35:30
NVDA,446.64,2023-08-09 08:27:00
NVDA,446.64,2023-08-09 08:09:34
NVDA,446.64,2023-08-09 07:55:33
NVDA,446.64,2023-08-09 07:48:51
NVDA,446.64,2023-08-09 07:42:24
NVDA,446.64,2023-08-09 07:35:56
NVDA,446.64,2023-08-09 07:28:17
NVDA,446.64,2023-08-09 07:21:44
NVDA,446.64,2023-08-09 07:14:19
NVDA,446.64,2023-08-09 07:00:22
NVDA,446.64,2023-08-09 06:54:03
NVDA,446.64,2023-08-09 06:47:25
NVDA,446.64,2023-08-09 06:40:55
NVDA,446.64,2023-08-09 06:34:01
NVDA,446.64,2023-08-09 06:26:03
NVDA,446.64,2023-08-09 06:08:10
NVDA,446.64,2023-08-09 05:54:58
NVDA,446.64,2023-08-09 05:48:13
NVDA,446.64,2023-08-09 05:41:36
NVDA,446.64,2023-08-09 05:35:17
NVDA,446.64,2023-08-09 05:28:24
NVDA,446.64,2023-08-09 05:20:18
NVDA,446.64,2023-08-09 05:05:24
NVDA,446.64,2023-08-09 04:55:20
NVDA,446.64,2023-08-09 04:48:55
NVDA,446.64,2023-08-09 04:42:10
NVDA,446.64,2023-08-09 04:35:56
NVDA,446.64,2023-08-09 04:29:25
NVDA,446.64,2023-08-09 04:18:59
NVDA,446.64,2023-08-09 04:00:53
NVDA,446.64,2023-08-09 03:54:21
NVDA,446.64,2023-08-09 03:47:54
NVDA,446.64,2023-08-09 03:41:25
NVDA,446.64,2023-08-09 03:34:44
NVDA,446.64,2023-08-09 03:27:35
NVDA,446.64,2023-08-09 03:21:10
NVDA,446.64,2023-08-09 03:09:22
NVDA,446.64,2023-08-09 02:56:45
NVDA,446.64,2023-08-09 02:50:01
NVDA,446.64,2023-08-09 02:43:28
NVDA,446.64,2023-08-09 02:34:14
NVDA,446.64,2023-08-09 02:09:09
NVDA,446.64,2023-08-09 01:14:31
NVDA,446.64,2023-08-09 00:00:04
NVDA,446.64,2023-08-08 23:53:41
NVDA,446.64,2023-08-08 23:47:04
NVDA,446.64,2023-08-08 23:40:25
NVDA,446.64,2023-08-08 23:34:03
NVDA,446.64,2023-08-08 23:27:07
NVDA,446.64,2023-08-08 23:20:19
NVDA,446.64,2023-08-08 23:10:03
NVDA,446.64,2023-08-08 22:57:57
NVDA,446.64,2023-08-08 22:51:14
NVDA,446.64,2023-08-08 22:44:27
NVDA,446.64,2023-08-08 22:37:53
NVDA,446.64,2023-08-08 22:30:47
NVDA,446.64,2023-08-08 22:24:18
NVDA,446.64,2023-08-08 22:09:23
NVDA,446.64,2023-08-08 21:57:04
NVDA,446.64,2023-08-08 21:50:25
NVDA,446.64,2023-08-08 21:43:49
NVDA,446.64,2023-08-08 21:37:33
NVDA,446.64,2023-08-08 21:30:43
NVDA,446.64,2023-08-08 21:24:00
NVDA,446.64,2023-08-08 21:17:32
NVDA,446.64,2023-08-08 21:06:22
NVDA,446.64,2023-08-08 20:55:53
NVDA,446.64,2023-08-08 20:49:02
NVDA,446.64,2023-08-08 20:42:27
NVDA,446.64,2023-08-08 20:35:45
NVDA,446.64,2023-08-08 20:28:09
NVDA,446.64,2023-08-08 20:21:47
NVDA,446.64,2023-08-08 20:08:21
NVDA,447.02,2023-08-08 19:56:08
NVDA,447.28,2023-08-08 19:49:34
NVDA,446.69,2023-08-08 19:42:51
NVDA,444.7,2023-08-08 19:36:19
NVDA,446.55,2023-08-08 19:29:40
NVDA,446.45,2023-08-08 19:23:18
NVDA,446.21,2023-08-08 19:16:34
NVDA,446.32,2023-08-08 19:08:25
NVDA,447.0,2023-08-08 18:57:40
NVDA,445.51,2023-08-08 18:50:48
NVDA,445.08,2023-08-08 18:44:09
NVDA,446.42,2023-08-08 18:37:36
NVDA,446.71,2023-08-08 18:30:38
NVDA,447.32,2023-08-08 18:20:25
NVDA,446.02,2023-08-08 18:00:57
NVDA,445.54,2023-08-08 17:54:18
NVDA,444.35,2023-08-08 17:47:38
NVDA,444.58,2023-08-08 17:40:48
NVDA,445.5,2023-08-08 17:34:15
NVDA,444.19,2023-08-08 17:27:26
NVDA,443.98,2023-08-08 17:14:27
NVDA,443.18,2023-08-08 17:00:31
NVDA,443.36,2023-08-08 16:53:53
NVDA,443.65,2023-08-08 16:46:57
NVDA,445.06,2023-08-08 16:40:17
NVDA,444.74,2023-08-08 16:30:22
NVDA,444.34,2023-08-08 16:12:22
NVDA,442.17,2023-08-08 15:57:15
NVDA,441.66,2023-08-08 15:50:31
NVDA,444.47,2023-08-08 15:43:49
NVDA,448.44,2023-08-08 15:37:19
NVDA,448.72,2023-08-08 15:30:38
NVDA,446.72,2023-08-08 15:24:14
NVDA,447.07,2023-08-08 15:12:40
NVDA,446.04,2023-08-08 14:59:03
NVDA,446.13,2023-08-08 14:52:20
NVDA,447.85,2023-08-08 14:45:42
NVDA,447.11,2023-08-08 14:39:03
NVDA,447.75,2023-08-08 14:32:14
NVDA,446.02,2023-08-08 14:25:39
NVDA,446.6,2023-08-08 14:12:10
NVDA,446.25,2023-08-08 13:59:30
NVDA,446.0,2023-08-08 13:53:08
NVDA,447.3,2023-08-08 13:46:30
NVDA,450.54,2023-08-08 13:39:43
NVDA,449.82,2023-08-08 13:33:05
NVDA,454.16,2023-08-08 13:26:13
NVDA,454.16,2023-08-08 13:15:32
NVDA,454.16,2023-08-08 12:59:06
NVDA,454.16,2023-08-08 12:44:50
NVDA,454.16,2023-08-08 12:18:24
NVDA,454.16,2023-08-08 11:57:16
NVDA,454.16,2023-08-08 11:50:38
NVDA,454.16,2023-08-08 11:43:58
NVDA,454.16,2023-08-08 11:37:22
NVDA,454.16,2023-08-08 11:30:25
NVDA,454.16,2023-08-08 11:23:54
NVDA,454.16,2023-08-08 11:17:18
NVDA,454.16,2023-08-08 11:08:16
NVDA,454.16,2023-08-08 10:57:25
NVDA,454.16,2023-08-08 10:51:15
NVDA,454.16,2023-08-08 10:44:16
NVDA,454.16,2023-08-08 10:37:46
NVDA,454.16,2023-08-08 10:31:20
NVDA,454.16,2023-08-08 10:24:05
NVDA,454.16,2023-08-08 10:07:19
NVDA,454.16,2023-08-08 09:55:16
NVDA,454.16,2023-08-08 09:48:47
NVDA,454.16,2023-08-08 09:42:26
NVDA,454.16,2023-08-08 09:35:23
NVDA,454.16,2023-08-08 09:28:41
NVDA,454.16,2023-08-08 09:22:10
NVDA,454.16,2023-08-08 09:13:08
NVDA,454.16,2023-08-08 08:59:22
NVDA,454.16,2023-08-08 08:53:06
NVDA,454.16,2023-08-08 08:46:25
NVDA,454.16,2023-08-08 08:40:01
NVDA,454.16,2023-08-08 08:33:26
NVDA,454.16,2023-08-08 08:26:20
NVDA,454.16,2023-08-08 08:12:21
NVDA,454.16,2023-08-08 07:57:09
NVDA,454.16,2023-08-08 07:50:50
NVDA,454.16,2023-08-08 07:43:57
NVDA,454.16,2023-08-08 07:37:20
NVDA,454.16,2023-08-08 07:30:40
NVDA,454.16,2023-08-08 07:24:15
NVDA,454.16,2023-08-08 07:17:45
NVDA,454.16,2023-08-08 07:06:49
NVDA,454.16,2023-08-08 06:55:36
NVDA,454.16,2023-08-08 06:48:50
NVDA,454.16,2023-08-08 06:42:14
NVDA,454.16,2023-08-08 06:35:43
NVDA,454.16,2023-08-08 06:28:34
NVDA,454.16,2023-08-08 06:16:01
NVDA,454.16,2023-08-08 05:59:03
NVDA,454.16,2023-08-08 05:52:45
NVDA,454.16,2023-08-08 05:45:57
NVDA,454.16,2023-08-08 05:39:16
NVDA,454.16,2023-08-08 05:32:45
NVDA,454.16,2023-08-08 05:25:44
NVDA,454.16,2023-08-08 05:15:01
NVDA,454.16,2023-08-08 05:01:20
NVDA,454.16,2023-08-08 04:54:34
NVDA,454.16,2023-08-08 04:48:08
NVDA,454.16,2023-08-08 04:41:29
NVDA,454.16,2023-08-08 04:35:07
NVDA,454.16,2023-08-08 04:28:11
NVDA,454.16,2023-08-08 04:18:14
NVDA,454.16,2023-08-08 04:00:44
NVDA,454.16,2023-08-08 03:54:05
NVDA,454.16,2023-08-08 03:47:21
NVDA,454.16,2023-08-08 03:40:55
NVDA,454.16,2023-08-08 03:34:40
NVDA,454.16,2023-08-08 03:27:27
NVDA,454.16,2023-08-08 03:20:33
NVDA,454.16,2023-08-08 03:08:37
NVDA,454.16,2023-08-08 02:56:31
NVDA,454.16,2023-08-08 02:49:59
NVDA,454.16,2023-08-08 02:43:14
NVDA,454.16,2023-08-08 02:33:47
NVDA,454.16,2023-08-08 02:08:26
NVDA,454.16,2023-08-08 01:13:02
NVDA,454.16,2023-08-08 00:00:28
NVDA,454.16,2023-08-07 23:53:53
NVDA,454.16,2023-08-07 23:46:59
NVDA,454.16,2023-08-07 23:40:30
NVDA,454.16,2023-08-07 23:33:52
NVDA,454.16,2023-08-07 23:27:43
NVDA,454.16,2023-08-07 23:20:57
NVDA,454.16,2023-08-07 23:10:57
NVDA,454.16,2023-08-07 22:58:31
NVDA,454.16,2023-08-07 22:51:49
NVDA,454.16,2023-08-07 22:45:12
NVDA,454.16,2023-08-07 22:38:28
NVDA,454.16,2023-08-07 22:31:58
NVDA,454.16,2023-08-07 22:24:45
NVDA,454.16,2023-08-07 22:12:35
NVDA,454.16,2023-08-07 21:59:46
NVDA,454.16,2023-08-07 21:53:03
NVDA,454.16,2023-08-07 21:46:21
NVDA,454.16,2023-08-07 21:39:33
NVDA,454.16,2023-08-07 21:33:02
NVDA,454.16,2023-08-07 21:26:10
NVDA,454.16,2023-08-07 21:19:49
NVDA,454.16,2023-08-07 21:12:23
NVDA,454.16,2023-08-07 21:02:48
NVDA,454.16,2023-08-07 20:54:09
NVDA,454.16,2023-08-07 20:47:29
NVDA,454.16,2023-08-07 20:40:53
NVDA,454.16,2023-08-07 20:34:30
NVDA,454.16,2023-08-07 20:27:18
NVDA,454.16,2023-08-07 20:20:48
NVDA,454.16,2023-08-07 20:07:53
NVDA,453.23,2023-08-07 19:55:54
NVDA,452.35,2023-08-07 19:49:28
NVDA,451.46,2023-08-07 19:42:48
NVDA,451.05,2023-08-07 19:36:25
NVDA,449.91,2023-08-07 19:29:55
NVDA,450.3,2023-08-07 19:23:23
NVDA,449.75,2023-08-07 19:16:36
NVDA,449.98,2023-08-07 19:09:48
NVDA,449.3,2023-08-07 18:58:52
NVDA,448.46,2023-08-07 18:52:05
NVDA,448.26,2023-08-07 18:45:35
NVDA,448.69,2023-08-07 18:39:13
NVDA,447.93,2023-08-07 18:32:06
NVDA,447.36,2023-08-07 18:25:45
NVDA,448.68,2023-08-07 18:11:05
NVDA,447.68,2023-08-07 17:57:01
NVDA,447.39,2023-08-07 17:50:26
NVDA,446.96,2023-08-07 17:43:51
NVDA,447.05,2023-08-07 17:37:13
NVDA,446.84,2023-08-07 17:31:01
NVDA,447.5,2023-08-07 17:24:14
NVDA,447.99,2023-08-07 17:12:41
NVDA,448.86,2023-08-07 17:00:18
NVDA,448.91,2023-08-07 16:53:41
NVDA,447.99,2023-08-07 16:47:17
NVDA,449.12,2023-08-07 16:40:37
NVDA,450.52,2023-08-07 16:32:22
NVDA,451.4,2023-08-07 16:18:55
NVDA,452.23,2023-08-07 16:00:13
NVDA,450.38,2023-08-07 15:53:29
NVDA,449.14,2023-08-07 15:46:50
NVDA,449.66,2023-08-07 15:40:13
NVDA,448.64,2023-08-07 15:33:26
NVDA,449.62,2023-08-07 15:26:21
NVDA,449.52,2023-08-07 15:19:46
NVDA,451.87,2023-08-07 15:04:43
NVDA,453.16,2023-08-07 14:54:53
NVDA,453.57,2023-08-07 14:48:37
NVDA,454.85,2023-08-07 14:41:44
NVDA,453.84,2023-08-07 14:35:06
NVDA,453.76,2023-08-07 14:27:59
NVDA,452.44,2023-08-07 14:17:11
NVDA,451.02,2023-08-07 14:02:05
NVDA,453.49,2023-08-07 13:54:45
NVDA,452.91,2023-08-07 13:48:06
NVDA,452.79,2023-08-07 13:41:37
NVDA,453.88,2023-08-07 13:35:06
NVDA,446.8,2023-08-07 13:28:11
NVDA,446.8,2023-08-07 13:19:39
NVDA,446.8,2023-08-07 13:01:24
NVDA,446.8,2023-08-07 12:47:26
NVDA,446.8,2023-08-07 12:24:59
NVDA,446.8,2023-08-07 11:58:55
NVDA,446.8,2023-08-07 11:52:25
NVDA,446.8,2023-08-07 11:45:52
NVDA,446.8,2023-08-07 11:38:58
NVDA,446.8,2023-08-07 11:32:27
NVDA,446.8,2023-08-07 11:25:31
NVDA,446.8,2023-08-07 11:19:10
NVDA,446.8,2023-08-07 11:12:04
NVDA,446.8,2023-08-07 11:00:14
NVDA,446.8,2023-08-07 10:53:44
NVDA,446.8,2023-08-07 10:47:03
NVDA,446.8,2023-08-07 10:40:18
NVDA,446.8,2023-08-07 10:33:54
NVDA,446.8,2023-08-07 10:26:14
NVDA,446.8,2023-08-07 10:09:09
NVDA,446.8,2023-08-07 09:56:20
NVDA,446.8,2023-08-07 09:49:56
NVDA,446.8,2023-08-07 09:43:28
NVDA,446.8,2023-08-07 09:36:54
NVDA,446.8,2023-08-07 09:30:12
NVDA,446.8,2023-08-07 09:23:42
NVDA,446.8,2023-08-07 09:14:35
NVDA,446.8,2023-08-07 09:00:19
NVDA,446.8,2023-08-07 08:53:38
NVDA,446.8,2023-08-07 08:47:12
NVDA,446.8,2023-08-07 08:40:28
NVDA,446.8,2023-08-07 08:33:59
NVDA,446.8,2023-08-07 08:26:49
NVDA,446.8,2023-08-07 08:10:50
NVDA,446.8,2023-08-07 07:56:06
NVDA,446.8,2023-08-07 07:49:42
NVDA,446.8,2023-08-07 07:42:58
NVDA,446.8,2023-08-07 07:36:36
NVDA,446.8,2023-08-07 07:30:13
NVDA,446.8,2023-08-07 07:23:26
NVDA,446.8,2023-08-07 07:16:50
NVDA,446.8,2023-08-07 07:02:20
NVDA,446.8,2023-08-07 06:54:47
NVDA,446.8,2023-08-07 06:47:57
NVDA,446.8,2023-08-07 06:41:20
NVDA,446.8,2023-08-07 06:34:43
NVDA,446.8,2023-08-07 06:27:15
NVDA,446.8,2023-08-07 06:11:01
NVDA,446.8,2023-08-07 05:56:17
NVDA,446.8,2023-08-07 05:49:51
NVDA,446.8,2023-08-07 05:43:09
NVDA,446.8,2023-08-07 05:36:30
NVDA,446.8,2023-08-07 05:30:01
NVDA,446.8,2023-08-07 05:23:18
NVDA,446.8,2023-08-07 05:09:16
NVDA,446.8,2023-08-07 04:56:56
NVDA,446.8,2023-08-07 04:50:23
NVDA,446.8,2023-08-07 04:43:52
NVDA,446.8,2023-08-07 04:37:22
NVDA,446.8,2023-08-07 04:30:21
NVDA,446.8,2023-08-07 04:23:39
NVDA,446.8,2023-08-07 04:08:02
NVDA,446.8,2023-08-07 03:55:21
NVDA,446.8,2023-08-07 03:49:01
NVDA,446.8,2023-08-07 03:42:20
NVDA,446.8,2023-08-07 03:35:48
NVDA,446.8,2023-08-07 03:28:34
NVDA,446.8,2023-08-07 03:22:09
NVDA,446.8,2023-08-07 03:11:37
NVDA,446.8,2023-08-07 02:57:57
NVDA,446.8,2023-08-07 02:51:40
NVDA,446.8,2023-08-07 02:44:40
NVDA,446.8,2023-08-07 02:33:52
NVDA,446.8,2023-08-07 02:04:07
NVDA,446.8,2023-08-07 01:01:38
NVDA,446.8,2023-08-06 23:58:31
NVDA,446.8,2023-08-06 23:51:54
NVDA,446.8,2023-08-06 23:45:16
NVDA,446.8,2023-08-06 23:38:49
NVDA,446.8,2023-08-06 23:32:35
NVDA,446.8,2023-08-06 23:25:37
NVDA,446.8,2023-08-06 23:19:14
NVDA,446.8,2023-08-06 23:09:38
NVDA,446.8,2023-08-06 22:57:58
NVDA,446.8,2023-08-06 22:51:29
NVDA,446.8,2023-08-06 22:45:04
NVDA,446.8,2023-08-06 22:38:16
NVDA,446.8,2023-08-06 22:31:18
NVDA,446.8,2023-08-06 22:24:30
NVDA,446.8,2023-08-06 22:13:44
NVDA,446.8,2023-08-06 22:01:20
NVDA,446.8,2023-08-06 21:54:23
NVDA,446.8,2023-08-06 21:47:42
NVDA,446.8,2023-08-06 21:41:15
NVDA,446.8,2023-08-06 21:34:27
NVDA,446.8,2023-08-06 21:27:22
NVDA,446.8,2023-08-06 21:21:02
NVDA,446.8,2023-08-06 21:14:17
NVDA,446.8,2023-08-06 21:02:38
NVDA,446.8,2023-08-06 20:55:08
NVDA,446.8,2023-08-06 20:48:09
NVDA,446.8,2023-08-06 20:41:49
NVDA,446.8,2023-08-06 20:35:13
NVDA,446.8,2023-08-06 20:28:36
NVDA,446.8,2023-08-06 20:22:07
NVDA,446.8,2023-08-06 20:14:16
NVDA,446.8,2023-08-06 20:00:22
NVDA,446.8,2023-08-06 19:53:40
NVDA,446.8,2023-08-06 19:47:10
NVDA,446.8,2023-08-06 19:40:29
NVDA,446.8,2023-08-06 19:34:12
NVDA,446.8,2023-08-06 19:27:20
NVDA,446.8,2023-08-06 19:20:51
NVDA,446.8,2023-08-06 19:14:24
NVDA,446.8,2023-08-06 19:05:27
NVDA,446.8,2023-08-06 18:56:07
NVDA,446.8,2023-08-06 18:49:33
NVDA,446.8,2023-08-06 18:43:02
NVDA,446.8,2023-08-06 18:36:46
NVDA,446.8,2023-08-06 18:30:06
NVDA,446.8,2023-08-06 18:23:20
NVDA,446.8,2023-08-06 18:09:50
NVDA,446.8,2023-08-06 17:56:40
NVDA,446.8,2023-08-06 17:50:12
NVDA,446.8,2023-08-06 17:43:47
NVDA,446.8,2023-08-06 17:37:08
NVDA,446.8,2023-08-06 17:30:10
NVDA,446.8,2023-08-06 17:23:39
NVDA,446.8,2023-08-06 17:15:36
NVDA,446.8,2023-08-06 17:03:50
NVDA,446.8,2023-08-06 16:55:28
NVDA,446.8,2023-08-06 16:48:40
NVDA,446.8,2023-08-06 16:42:05
NVDA,446.8,2023-08-06 16:35:35
NVDA,446.8,2023-08-06 16:27:13
NVDA,446.8,2023-08-06 16:10:29
NVDA,446.8,2023-08-06 15:56:48
NVDA,446.8,2023-08-06 15:49:36
NVDA,446.8,2023-08-06 15:43:06
NVDA,446.8,2023-08-06 15:36:28
NVDA,446.8,2023-08-06 15:29:33
NVDA,446.8,2023-08-06 15:23:04
NVDA,446.8,2023-08-06 15:14:38
NVDA,446.8,2023-08-06 15:00:54
NVDA,446.8,2023-08-06 14:54:04
NVDA,446.8,2023-08-06 14:47:21
NVDA,446.8,2023-08-06 14:40:35
NVDA,446.8,2023-08-06 14:34:01
NVDA,446.8,2023-08-06 14:27:21
NVDA,446.8,2023-08-06 14:20:13
NVDA,446.8,2023-08-06 14:07:45
NVDA,446.8,2023-08-06 13:57:03
NVDA,446.8,2023-08-06 13:50:46
NVDA,446.8,2023-08-06 13:44:03
NVDA,446.8,2023-08-06 13:36:56
NVDA,446.8,2023-08-06 13:30:23
NVDA,446.8,2023-08-06 13:23:54
NVDA,446.8,2023-08-06 13:15:49
NVDA,446.8,2023-08-06 13:00:21
NVDA,446.8,2023-08-06 12:52:08
NVDA,446.8,2023-08-06 12:36:51
NVDA,446.8,2023-08-06 12:12:55
NVDA,446.8,2023-08-06 11:56:26
NVDA,446.8,2023-08-06 11:49:55
NVDA,446.8,2023-08-06 11:43:21
NVDA,446.8,2023-08-06 11:36:35
NVDA,446.8,2023-08-06 11:29:56
NVDA,446.8,2023-08-06 11:23:23
NVDA,446.8,2023-08-06 11:16:38
NVDA,446.8,2023-08-06 11:08:06
NVDA,446.8,2023-08-06 10:57:16
NVDA,446.8,2023-08-06 10:50:44
NVDA,446.8,2023-08-06 10:43:58
NVDA,446.8,2023-08-06 10:37:22
NVDA,446.8,2023-08-06 10:30:16
NVDA,446.8,2023-08-06 10:23:37
NVDA,446.8,2023-08-06 10:08:48
NVDA,446.8,2023-08-06 09:57:12
NVDA,446.8,2023-08-06 09:50:28
NVDA,446.8,2023-08-06 09:44:09
NVDA,446.8,2023-08-06 09:37:29
NVDA,446.8,2023-08-06 09:30:51
NVDA,446.8,2023-08-06 09:24:30
NVDA,446.8,2023-08-06 09:17:39
NVDA,446.8,2023-08-06 09:07:34
NVDA,446.8,2023-08-06 08:56:42
NVDA,446.8,2023-08-06 08:50:14
NVDA,446.8,2023-08-06 08:43:50
NVDA,446.8,2023-08-06 08:37:19
NVDA,446.8,2023-08-06 08:30:40
NVDA,446.8,2023-08-06 08:23:51
NVDA,446.8,2023-08-06 08:11:36
NVDA,446.8,2023-08-06 07:57:36
NVDA,446.8,2023-08-06 07:51:10
NVDA,446.8,2023-08-06 07:44:29
NVDA,446.8,2023-08-06 07:38:00
NVDA,446.8,2023-08-06 07:31:21
NVDA,446.8,2023-08-06 07:24:57
NVDA,446.8,2023-08-06 07:18:31
NVDA,446.8,2023-08-06 07:10:17
NVDA,446.8,2023-08-06 06:58:19
NVDA,446.8,2023-08-06 06:51:59
NVDA,446.8,2023-08-06 06:45:18
NVDA,446.8,2023-08-06 06:39:01
NVDA,446.8,2023-08-06 06:31:59
NVDA,446.8,2023-08-06 06:25:04
NVDA,446.8,2023-08-06 06:09:43
NVDA,446.8,2023-08-06 05:56:30
NVDA,446.8,2023-08-06 05:49:47
NVDA,446.8,2023-08-06 05:43:21
NVDA,446.8,2023-08-06 05:36:49
NVDA,446.8,2023-08-06 05:30:06
NVDA,446.8,2023-08-06 05:23:39
NVDA,446.8,2023-08-06 05:12:06
NVDA,446.8,2023-08-06 04:59:52
NVDA,446.8,2023-08-06 04:53:14
NVDA,446.8,2023-08-06 04:46:36
NVDA,446.8,2023-08-06 04:40:06
NVDA,446.8,2023-08-06 04:33:15
NVDA,446.8,2023-08-06 04:26:14
NVDA,446.8,2023-08-06 04:14:53
NVDA,446.8,2023-08-06 03:59:33
NVDA,446.8,2023-08-06 03:53:14
NVDA,446.8,2023-08-06 03:46:28
NVDA,446.8,2023-08-06 03:40:02
NVDA,446.8,2023-08-06 03:33:31
NVDA,446.8,2023-08-06 03:26:26
NVDA,446.8,2023-08-06 03:19:54
NVDA,446.8,2023-08-06 03:08:42
NVDA,446.8,2023-08-06 02:56:20
NVDA,446.8,2023-08-06 02:49:48
NVDA,446.8,2023-08-06 02:43:16
NVDA,446.8,2023-08-06 02:36:36
NVDA,446.8,2023-08-06 02:29:14
NVDA,446.8,2023-08-06 02:13:40
NVDA,446.8,2023-08-06 01:43:00
NVDA,446.8,2023-08-06 00:51:43
NVDA,446.8,2023-08-05 23:57:55
NVDA,446.8,2023-08-05 23:51:34
NVDA,446.8,2023-08-05 23:44:57
NVDA,446.8,2023-08-05 23:38:06
NVDA,446.8,2023-08-05 23:31:44
NVDA,446.8,2023-08-05 23:25:00
NVDA,446.8,2023-08-05 23:18:23
NVDA,446.8,2023-08-05 23:06:39
NVDA,446.8,2023-08-05 22:56:08
NVDA,446.8,2023-08-05 22:49:39
NVDA,446.8,2023-08-05 22:42:58
NVDA,446.8,2023-08-05 22:36:24
NVDA,446.8,2023-08-05 22:29:44
NVDA,446.8,2023-08-05 22:23:11
NVDA,446.8,2023-08-05 22:11:23
NVDA,446.8,2023-08-05 21:59:29
NVDA,446.8,2023-08-05 21:52:52
NVDA,446.8,2023-08-05 21:46:22
NVDA,446.8,2023-08-05 21:39:44
NVDA,446.8,2023-08-05 21:32:56
NVDA,446.8,2023-08-05 21:26:11
NVDA,446.8,2023-08-05 21:19:46
NVDA,446.8,2023-08-05 21:12:51
NVDA,446.8,2023-08-05 21:01:24
NVDA,446.8,2023-08-05 20:54:43
NVDA,446.8,2023-08-05 20:48:03
NVDA,446.8,2023-08-05 20:41:49
NVDA,446.8,2023-08-05 14:00:12
NVDA,446.8,2023-08-05 13:53:57
NVDA,446.8,2023-08-05 13:47:53
NVDA,446.8,2023-08-05 13:41:45
NVDA,446.8,2023-08-05 13:36:05
NVDA,446.8,2023-08-05 09:24:59
